Scientific Name	Taxonomic Group	NCBI Tax ID	NCBI Accession ID
Acanthamoeba astronyxis	Other eukaryotes	65658	GCA_000826245.1
Acanthamoeba castellanii str. Neff	Other eukaryotes	1257118	GCA_000313135.1
Acanthamoeba culbertsoni	Other eukaryotes	43142	GCA_000826265.1
Acanthamoeba healyi	Other eukaryotes	65661	GCA_000826305.1
Acanthamoeba lenticulata	Other eukaryotes	29196	GCA_000826285.1
Acanthamoeba lugdunensis	Other eukaryotes	61605	GCA_000826425.1
Acanthamoeba mauritaniensis	Other eukaryotes	196912	GCA_000826465.1
Acanthamoeba palestinensis	Other eukaryotes	28015	GCA_000826325.1
Acanthamoeba pearcei	Other eukaryotes	65662	GCA_000826505.1
Acanthamoeba quina	Other eukaryotes	211522	GCA_000826445.1
Acanthamoeba rhysodes	Other eukaryotes	32599	GCA_000826385.1
Acanthocheilonema viteae	Nematoda	6277	GCA_900537255.1
Acrobeloides nanus	Nematoda	290746	GCA_900406225.1
Albugo candida 2VRR	Other eukaryotes	911350	FungiDB-61-Acandida2VRR
Albugo laibachii Nc14	Other eukaryotes	890382	FungiDB-61-AlaibachiiNc14
Allodiplogaster sudhausi	Nematoda	2761625	GCA_014805415.1
Allodiplogaster sudhausi	Nematoda	2761625	GCA_945643635.1
Allomyces macrogynus ATCC 38327	Fungi	578462	GCA_000151295.1
Alternaria alternata	Fungi	5599	GCA_001642055.1
Amauroascus niger	Fungi	89421	GCA_001430945.1
Amauroascus verrucosus	Fungi	2074759	GCA_001430935.1
Amphiamblys sp. WSBS2006	Fungi	1866961	GCA_001875675.1
Ancylostoma caninum	Nematoda	29170	GCA_003336725.1
Ancylostoma ceylanicum	Nematoda	53326	GCA_000402015.1
Ancylostoma ceylanicum	Nematoda	53326	GCA_000688135.1
Ancylostoma duodenale	Nematoda	51022	GCA_000816745.1
Angiostrongylus cantonensis	Nematoda	6313	GCA_000331205.1
Angiostrongylus cantonensis	Nematoda	6313	GCA_001884285.1
Angiostrongylus cantonensis	Nematoda	6313	GCA_009735665.1
Angiostrongylus costaricensis	Nematoda	334426	GCA_900624975.1
Angiostrongylus vasorum	Nematoda	321387	GCA_018806985.1
Angomonas deanei	Other eukaryotes	59799	GCA_903995115.1
Anguina tritici	Nematoda	166006	GCA_029339935.1
Anisakis simplex	Nematoda	6269	GCA_900576815.1
Anisakis simplex	Nematoda	6269	GCA_900617985.1
Anncaliia algerae PRA109	Fungi	1240240	GCA_000385855.2
Antonospora locustae	Fungi	278021	GCA_007674295.1
Aphanomyces astaci	Other eukaryotes	112090	GCA_000520075.1
Aphanomyces invadans	Other eukaryotes	157072	GCA_000520115.1
Aphelenchoides besseyi	Nematoda	269767	GCA_024699835.1
Aphelenchoides besseyi	Nematoda	269767	GCA_024699855.1
Aphelenchoides besseyi	Nematoda	269767	GCA_024699875.1
Aphelenchoides besseyi	Nematoda	269767	GCA_024699915.1
Aphelenchoides besseyi	Nematoda	269767	GCA_029619545.1
Aphelenchoides bicaudatus	Nematoda	293665	GCA_024699845.1
Aphelenchoides fujianensis	Nematoda	1052528	GCA_024699865.1
Aphelenchus avenae	Nematoda	70226	GCA_020875895.1
Apiotrichum montevideense	Fungi	82521	GCA_001598995.1
Aplectana chamaeleonis	Nematoda	2696335	GCA_027405815.1
Aplectana chamaeleonis	Nematoda	2696335	GCA_029168955.1
Apophysomyces variabilis	Fungi	760013	GCA_002749535.1
Arthrobotrys flagrans	Fungi	97331	GCA_004000055.1
Ascaris lumbricoides	Nematoda	6252	GCA_015227635.1
Ascaris suum	Nematoda	6253	GCA_000187025.3
Ascaris suum	Nematoda	6253	GCA_000298755.1
Ascaris suum	Nematoda	6253	GCA_000331935.3
Ascaris suum	Nematoda	6253	GCA_013433145.1
Ascosphaera apis ARSEF 7405	Fungi	392613	GCA_001636715.1
Aspergillus aculeatus ATCC 16872	Fungi	690307	GCA_001890905.1
Aspergillus brasiliensis CBS 101740	Fungi	767769	GCA_001889945.1
Aspergillus campestris IBT 28561	Fungi	1392248	GCA_002847485.1
Aspergillus carbonarius ITEM 5010	Fungi	602072	GCA_001990825.1
Aspergillus clavatus NRRL 1	Fungi	344612	GCA_000002715.1
Aspergillus cristatus	Fungi	573508	GCA_001717485.1
Aspergillus eucalypticola CBS 122712	Fungi	1448314	GCA_003184535.1
Aspergillus fijiensis CBS 313.89	Fungi	1448319	GCA_003184825.1
Aspergillus fischeri NRRL 181	Fungi	331117	GCA_000149645.4
Aspergillus flavus NRRL3357	Fungi	332952	GCA_000006275.3
Aspergillus fumigatus Af293	Fungi	330879	GCA_000002655.1
Aspergillus glaucus CBS 516.65	Fungi	1160497	GCA_001890805.1
Aspergillus heteromorphus CBS 117.55	Fungi	1448321	GCA_003184545.1
Aspergillus lentulus	Fungi	293939	GCA_001445615.2
Aspergillus luchuensis CBS 106.47	Fungi	1137211	GCA_001890685.1
Aspergillus nidulans FGSC A4	Fungi	227321	GCA_000149205.2
Aspergillus niger CBS 513.88	Fungi	425011	GCA_000002855.2
Aspergillus novofumigatus IBT 16806	Fungi	1392255	GCA_002847465.1
Aspergillus ochraceoroseus IBT 24754	Fungi	1392256	GCA_002846915.2
Aspergillus oryzae RIB40	Fungi	510516	GCA_000184455.3
Aspergillus parasiticus	Fungi	5067	GCA_009176385.1
Aspergillus steynii IBT 23096	Fungi	1392250	GCA_002849105.1
Aspergillus sydowii CBS 593.65	Fungi	1036612	GCA_001890705.1
Aspergillus tanneri	Fungi	1220188	GCA_004798825.1
Aspergillus terreus NIH2624	Fungi	341663	GCA_000149615.1
Aspergillus thermomutatus	Fungi	41047	GCA_002237265.2
Aspergillus tubingensis CBS 134.48	Fungi	767770	GCA_001890745.1
Aspergillus versicolor CBS 583.65	Fungi	1036611	GCA_001890125.1
Aspergillus wentii DTO 134E9	Fungi	1073089	GCA_001890725.1
Atriophallophorus winterbourni	Platyhelminthes	2682772	GCA_013407085.1
Auanema rhodensis	Nematoda	473160	GCA_947366455.1
Auanema sp. JU1783	Nematoda	2878363	GCA_943334845.2
Babesia bigemina	Other eukaryotes	5866	GCA_000723445.1
Babesia bovis T2Bo	Other eukaryotes	484906	GCA_000165395.2
Babesia caballi	Other eukaryotes	5871	GCA_024862765.1
Babesia divergens	Other eukaryotes	32595	GCA_018398725.1
Babesia microti strain RI	Other eukaryotes	1133968	GCA_000691945.2
Babesia ovata	Other eukaryotes	189622	GCA_002897235.1
Babesia ovis	Other eukaryotes	5869	GCA_023705535.1
Babesia sp. Xinjiang	Other eukaryotes	462227	GCA_002095265.1
Batrachochytrium dendrobatidis JEL423	Fungi	403673	GCA_000149865.1
Batrachochytrium salamandrivorans	Fungi	1357716	GCA_002006685.2
Baylisascaris ailuri	Nematoda	941948	GCA_022845575.1
Baylisascaris schroederi	Nematoda	522413	GCA_006503575.1
Baylisascaris schroederi	Nematoda	522413	GCA_022844625.1
Beauveria bassiana	Fungi	176275	GCA_014607475.1
Benedenia humboldti	Platyhelminthes	2730667	GCA_016432935.1
Besnoitia besnoiti	Other eukaryotes	94643	GCA_002563875.1
Blastocystis hominis	Blastocystis	12968	GCF_000151665.1
Blastocystis sp. subtype 1	Blastocystis	944036	GCA_027406405.1
Blastocystis sp. subtype 2	Blastocystis	944160	GCA_027406325.1
Blastocystis sp. subtype 3	Blastocystis	944168	GCA_025449415.1
Blastocystis sp. subtype 4	Blastocystis	944170	GCF_000743755.1
Blastocystis sp. subtype 6	Blastocystis	944208	GCA_000963415.1
Blastocystis sp. subtype 7	Blastocystis	1076755	GCA_027406465.1
Blastocystis sp. subtype 8	Blastocystis	429571	GCA_027406425.1
Blastocystis sp. subtype 9	Blastocystis	1544353	GCA_000963465.1
Blastomyces dermatitidis ER-3	Fungi	559297	GCA_000003525.2
Blastomyces gilchristii SLH14081	Fungi	559298	GCA_000003855.2
Blastomyces percursus	Fungi	1658174	GCA_001883805.1
Blechomonas ayalai	Other eukaryotes	1463230	GCA_020509355.1
Blumeria graminis f. sp. tritici	Fungi	62690	GCA_900519115.1
Bodo saltans	Other eukaryotes	75058	GCA_001460835.1
Botrytis cinerea B05.10	Fungi	332648	GCA_000143535.4
Bradynema listronoti	Nematoda	413010	GCA_024678965.1
Bremia lactucae	Other eukaryotes	4779	GCA_004359215.2
Brugia malayi	Nematoda	6279	GCF_000002995.4
Brugia pahangi	Nematoda	6280	GCA_001280985.1
Brugia pahangi	Nematoda	6280	GCA_012070555.1
Brugia pahangi	Nematoda	6280	GCA_900618355.1
Brugia timori	Nematoda	42155	GCA_900618025.1
Bunonema sp. RGD898	Nematoda	2761626	GCA_014805405.1
Bursaphelenchus mucronatus	Nematoda	6325	GCA_025436335.1
Bursaphelenchus okinawaensis	Nematoda	465554	GCA_904066225.2
Bursaphelenchus okinawaensis	Nematoda	465554	GCA_904067145.1
Bursaphelenchus xylophilus	Nematoda	6326	GCA_000231135.1
Bursaphelenchus xylophilus	Nematoda	6326	GCA_004128815.1
Bursaphelenchus xylophilus	Nematoda	6326	GCA_010367655.1
Bursaphelenchus xylophilus	Nematoda	6326	GCA_010367685.1
Bursaphelenchus xylophilus	Nematoda	6326	GCA_022702815.1
Bursaphelenchus xylophilus	Nematoda	6326	GCA_904066235.2
Bursaphelenchus xylophilus	Nematoda	6326	GCA_904067135.1
Byssoonygena ceratinophila	Fungi	166112	GCA_001430925.1
Caenorhabditis angaria	Nematoda	860376	GCA_000165025.1
Caenorhabditis angaria	Nematoda	860376	GCA_947459285.1
Caenorhabditis auriculariae	Nematoda	2777116	GCA_904845305.1
Caenorhabditis becei	Nematoda	2301260	GCA_900536315.3
Caenorhabditis bovis	Nematoda	2654633	GCA_902829315.1
Caenorhabditis brenneri	Nematoda	135651	GCA_000143925.2
Caenorhabditis briggsae	Nematoda	6238	GCA_021491975.1
Caenorhabditis briggsae	Nematoda	6238	GCA_022453885.1
Caenorhabditis briggsae	Nematoda	6238	GCA_029581135.1
Caenorhabditis briggsae	Nematoda	6238	GCF_000004555.2
Caenorhabditis elegans	Nematoda	6239	GCA_000939815.1
Caenorhabditis elegans	Nematoda	6239	GCA_000975215.1
Caenorhabditis elegans	Nematoda	6239	GCA_001483305.2
Caenorhabditis elegans	Nematoda	6239	GCA_004526295.1
Caenorhabditis elegans	Nematoda	6239	GCA_013403715.1
Caenorhabditis elegans	Nematoda	6239	GCA_016989095.1
Caenorhabditis elegans	Nematoda	6239	GCA_016989105.1
Caenorhabditis elegans	Nematoda	6239	GCA_016989115.1
Caenorhabditis elegans	Nematoda	6239	GCA_016989125.1
Caenorhabditis elegans	Nematoda	6239	GCA_016989145.1
Caenorhabditis elegans	Nematoda	6239	GCA_016989235.1
Caenorhabditis elegans	Nematoda	6239	GCA_016989245.1
Caenorhabditis elegans	Nematoda	6239	GCA_016989275.1
Caenorhabditis elegans	Nematoda	6239	GCA_016989285.1
Caenorhabditis elegans	Nematoda	6239	GCA_016989295.1
Caenorhabditis elegans	Nematoda	6239	GCA_016989365.1
Caenorhabditis elegans	Nematoda	6239	GCA_016989385.1
Caenorhabditis elegans	Nematoda	6239	GCA_016989455.1
Caenorhabditis elegans	Nematoda	6239	GCA_016989505.1
Caenorhabditis elegans	Nematoda	6239	GCA_018136795.1
Caenorhabditis elegans	Nematoda	6239	GCA_018136805.1
Caenorhabditis elegans	Nematoda	6239	GCA_018136835.1
Caenorhabditis elegans	Nematoda	6239	GCA_018136875.1
Caenorhabditis elegans	Nematoda	6239	GCA_020450165.1
Caenorhabditis elegans	Nematoda	6239	GCA_022984815.1
Caenorhabditis elegans	Nematoda	6239	GCA_027422425.1
Caenorhabditis elegans	Nematoda	6239	GCA_027422445.1
Caenorhabditis elegans	Nematoda	6239	GCA_028201415.1
Caenorhabditis elegans	Nematoda	6239	GCA_028201515.1
Caenorhabditis elegans	Nematoda	6239	GCA_029748435.1
Caenorhabditis elegans	Nematoda	6239	GCF_000002985.6
Caenorhabditis inopinata	Nematoda	1978547	GCA_003052745.1
Caenorhabditis japonica	Nematoda	281687	GCA_000147155.1
Caenorhabditis latens	Nematoda	1503980	GCA_002259235.2
Caenorhabditis nigoni	Nematoda	1611254	GCA_001643685.2
Caenorhabditis nigoni	Nematoda	1611254	GCA_002742825.1
Caenorhabditis nigoni	Nematoda	1611254	GCA_027920645.1
Caenorhabditis panamensis	Nematoda	2301259	GCA_900536275.1
Caenorhabditis panamensis	Nematoda	2301259	GCA_900883565.2
Caenorhabditis remanei	Nematoda	31234	GCA_001643735.4
Caenorhabditis remanei	Nematoda	31234	GCA_002259225.3
Caenorhabditis remanei	Nematoda	31234	GCA_018990105.1
Caenorhabditis remanei	Nematoda	31234	GCF_000149515.1
Caenorhabditis sp. 21 LS-2015	Nematoda	1737332	GCA_900536235.3
Caenorhabditis sp. 26 LS-2015	Nematoda	1737333	GCA_900536285.3
Caenorhabditis sp. 31 LS-2015	Nematoda	1737334	GCA_900536295.3
Caenorhabditis sp. 32 LS-2015	Nematoda	1737335	GCA_900536325.3
Caenorhabditis sp. 36 PRJEB53466	Nematoda	2970133	GCA_946814055.1
Caenorhabditis sp. 38 MB-2015	Nematoda	1729975	GCA_900536415.3
Caenorhabditis sp. 39 LS-2015	Nematoda	1737336	GCA_900536345.3
Caenorhabditis sp. 40 LS-2015	Nematoda	1737337	GCA_900536305.3
Caenorhabditis tropicalis	Nematoda	1561998	GCA_000186765.1
Caenorhabditis tropicalis	Nematoda	1561998	GCA_016735795.1
Candida albicans SC5314	Fungi	237561	GCA_000182965.3
Candida auris	Fungi	498019	GCA_002759435.2
Candida dubliniensis CD36	Fungi	573826	GCA_000026945.1
Candida duobushaemulonis	Fungi	1231522	GCA_002926085.1
Candida haemuloni	Fungi	45357	GCA_002926055.1
Candida metapsilosis	Fungi	273372	GCA_017655625.1
Candida parapsilosis	Fungi	5480	GCA_000182765.2
Candida pseudohaemulonii	Fungi	418784	GCA_003013735.1
Candida tropicalis MYA-3404	Fungi	294747	GCA_000006335.3
Cardicola forsteri	Platyhelminthes	335511	GCA_025895645.1
Cenococcum geophilum 1.58	Fungi	794803	GCA_001692895.1
Cercopithifilaria johnstoni	Nematoda	2874296	GCA_916381525.1
Chaetomium globosum CBS 148.51	Fungi	306901	GCA_000143365.1
Chromera velia CCMP2878	Other eukaryotes	1169474	GCA_018398765.1
Chrysosporium queenslandicum	Fungi	264361	GCA_001430955.1
Cladophialophora bantiana CBS 173.52	Fungi	1442370	GCA_000835475.1
Cladophialophora carrionii	Fungi	86049	GCA_001700775.1
Cladophialophora immunda	Fungi	569365	GCA_000835495.1
Cladophialophora psammophila CBS 110553	Fungi	1182543	GCA_000585535.1
Claviceps purpurea 20.1	Fungi	1111077	GCA_000347355.1
Clavispora lusitaniae ATCC 42720	Fungi	306902	GCA_000003835.1
Clonorchis sinensis	Platyhelminthes	79923	GCA_000236345.1
Clonorchis sinensis	Platyhelminthes	79923	GCA_003604175.2
Coccidioides immitis RS	Fungi	246410	GCA_000149335.2
Coccidioides posadasii str. Silveira	Fungi	443226	GCA_000170175.2
Colletotrichum graminicola M1.001	Fungi	645133	GCA_000149035.1
Coprinopsis cinerea okayama7#130	Fungi	240176	GCA_000182895.1
Cordyceps militaris	Fungi	73501	GCA_008080495.1
Crithidia fasciculata	Other eukaryotes	5656	GCA_000331325.2
Cruorifilaria tuberocauda	Nematoda	1766051	GCA_013365365.1
Cryptococcus albidus var. albidus	Fungi	1231661	GCA_001444555.1
Cryptococcus cf. gattii	Fungi	2011032	GCA_009650685.1
Cryptococcus gattii VGII R265	Fungi	294750	GCA_002954075.1
Cryptococcus gattii WM276	Fungi	367775	GCA_000185945.1
Cryptococcus neoformans var. neoformans JEC21	Fungi	214684	GCA_000091045.1
Cryptosporidium andersoni	Other eukaryotes	117008	GCA_001865355.1
Cryptosporidium baileyi	Other eukaryotes	27987	GCA_001593455.1
Cryptosporidium bovis	Other eukaryotes	310047	GCA_009768925.2
Cryptosporidium hominis TU502	Other eukaryotes	353151	GCA_000006425.2
Cryptosporidium meleagridis	Other eukaryotes	93969	GCA_001593445.1
Cryptosporidium muris RN66	Other eukaryotes	441375	GCF_000006515.1
Cryptosporidium parvum Iowa II	Other eukaryotes	353152	GCA_000165345.1
Cryptosporidium ryanae	Other eukaryotes	515981	GCA_009792415.2
Cryptosporidium sp. chipmunk genotype I	Other eukaryotes	1280935	GCA_004936735.2
Cryptosporidium sp. chipmunk LX-2015	Other eukaryotes	1603071	GCA_000831705.1
Cryptosporidium tyzzeri	Other eukaryotes	756076	GCA_007210665.1
Cryptosporidium ubiquitum	Other eukaryotes	857276	GCA_001865345.1
Cucumispora dikerogammari	Fungi	658444	GCA_014805705.1
Cyberlindnera fabianii	Fungi	36022	GCA_001983305.1
Cyclospora cayetanensis	Other eukaryotes	88456	GCA_000769155.2
Cylicostephanus goldi	Nematoda	71465	GCA_900617965.1
Cyphellophora europaea CBS 101466	Fungi	1220924	GCA_000365145.2
Cystoisospora suis	Other eukaryotes	483139	GCA_002600585.1
Cytauxzoon felis	Other eukaryotes	27996	GCA_020283715.1
Debaryomyces fabryi	Fungi	58627	GCA_001447935.2
Debaryomyces hansenii CBS767	Fungi	284592	GCA_000006445.2
Deladenus siricidicola	Nematoda	287718	GCA_009724625.1
Dibothriocephalus latus	Platyhelminthes	60516	GCA_900617775.1
Dicrocoelium dendriticum	Platyhelminthes	57078	GCA_000950715.1
Dicrocoelium dendriticum	Platyhelminthes	57078	GCA_944474145.1
Dictyocaulus viviparus	Nematoda	29172	GCA_000816705.1
Dictyocoela muelleri	Fungi	279532	GCA_016256075.1
Dictyocoela roeselum	Fungi	288439	GCA_016255985.1
Dipetalonema caudispina	Nematoda	1766039	GCA_013365325.1
Diplogasteroides magnus	Nematoda	560213	GCA_014805445.1
Diploscapter coronatus	Nematoda	288516	GCA_002207785.1
Diploscapter pachys	Nematoda	2018661	GCA_002287525.1
Dipylidium caninum	Platyhelminthes	66787	GCA_017562135.1
Dipylidium caninum	Platyhelminthes	66787	GCA_028455885.1
Dipylidium caninum	Platyhelminthes	66787	GCA_028456195.1
Dirofilaria immitis	Nematoda	6287	GCA_001077395.1
Dirofilaria immitis	Nematoda	6287	GCA_009829315.1
Dirofilaria immitis	Nematoda	6287	GCA_013365355.1
Dirofilaria immitis	Nematoda	6287	GCA_024305405.1
Dirofilaria repens	Nematoda	31241	GCA_008729115.1
Ditylenchus destructor	Nematoda	166010	GCA_001579705.1
Ditylenchus destructor	Nematoda	166010	GCA_022814885.1
Ditylenchus destructor	Nematoda	166010	GCA_022814895.1
Ditylenchus dipsaci	Nematoda	166011	GCA_004194705.1
Ditylenchus dipsaci	Nematoda	166011	GCA_029232805.1
Ditylenchus dipsaci	Nematoda	166011	GCA_029233205.1
Ditylenchus weischeri	Nematoda	989217	GCA_029231635.1
Ditylenchus weischeri	Nematoda	989217	GCA_029231655.1
Diutina rugosa	Fungi	5481	GCA_008704595.1
Dracunculus medinensis	Nematoda	318479	GCA_900625125.1
Dugesia japonica	Platyhelminthes	6161	GCA_001938525.1
Echinococcus canadensis	Platyhelminthes	519352	GCA_900004735.1
Echinococcus granulosus	Platyhelminthes	6210	GCA_021556725.1
Echinococcus granulosus	Platyhelminthes	6210	GCF_000524195.1
Echinococcus multilocularis	Platyhelminthes	6211	GCA_000469725.3
Echinococcus oligarthrus	Platyhelminthes	6212	GCA_900683695.1
Echinostoma caproni	Platyhelminthes	27848	GCA_900618425.1
Edhazardia aedis USNM 41457	Fungi	1003232	GCA_000230595.3
Eimeria acervulina	Other eukaryotes	5801	GCA_000499425.1
Eimeria brunetti	Other eukaryotes	51314	GCA_000499725.1
Eimeria falciformis	Other eukaryotes	84963	GCA_002271815.1
Eimeria maxima	Other eukaryotes	5804	GCA_000499605.1
Eimeria mitis	Other eukaryotes	44415	GCA_000499745.2
Eimeria necatrix	Other eukaryotes	51315	GCA_000499385.1
Eimeria praecox	Other eukaryotes	51316	GCA_000499445.1
Eimeria tenella	Other eukaryotes	5802	GCA_905310635.1
Elaeophora elaphi	Nematoda	1147741	GCA_000499685.1
Emergomyces africanus	Fungi	1955775	GCA_001660665.1
Emergomyces orientalis	Fungi	1972497	GCA_002110485.1
Emergomyces pasteurianus Ep9510	Fungi	1447872	GCA_001883825.1
Encephalitozoon cuniculi GB-M1	Fungi	284813	GCA_000091225.2
Encephalitozoon hellem ATCC 50504	Fungi	907965	GCA_000277815.3
Encephalitozoon intestinalis ATCC 50506	Fungi	876142	GCA_000146465.1
Encephalitozoon romaleae SJ-2008	Fungi	1178016	GCA_000280035.2
Endotrypanum monterogeii	Other eukaryotes	5705	GCA_000333855.2
Entamoeba dispar SAW760	Other eukaryotes	370354	GCA_000209125.2
Entamoeba histolytica HM-1:IMSS	Other eukaryotes	294381	GCA_000208925.2
Entamoeba invadens IP1	Other eukaryotes	370355	GCA_000330505.1
Entamoeba moshkovskii	Other eukaryotes	41668	GCA_002914575.1
Entamoeba nuttalli P19	Other eukaryotes	1076696	GCF_000257125.1
Enterobius vermicularis	Nematoda	51028	GCA_900576705.1
Enterocytozoon bieneusi H348	Fungi	481877	GCA_000209485.1
Enterocytozoon hepatopenaei	Fungi	646526	GCA_002081675.1
Enterospora canceri	Fungi	1081671	GCA_002087915.1
Epichloe festucae Fl1	Fungi	877507	GCA_003814445.1
Epichloe glyceriae E277	Fungi	1035635	GCA_000225285.2
Eudiplozoon nipponicum	Platyhelminthes	116851	GCA_029291075.1
Exophiala aquamarina CBS 119918	Fungi	1182545	GCA_000709125.1
Exophiala dermatitidis NIH/UT8656	Fungi	858893	GCA_000230625.1
Exophiala mesophila	Fungi	212818	GCA_000836275.1
Exophiala oligosperma	Fungi	215243	GCA_000835515.1
Exophiala spinifera	Fungi	91928	GCA_000836115.1
Fasciola gigantica	Platyhelminthes	46835	GCA_002867515.3
Fasciola gigantica	Platyhelminthes	46835	GCA_006461475.1
Fasciola gigantica	Platyhelminthes	46835	GCA_018104335.1
Fasciola hepatica	Platyhelminthes	6192	GCA_000824725.2
Fasciola hepatica	Platyhelminthes	6192	GCA_000947175.1
Fasciola hepatica	Platyhelminthes	6192	GCA_002763495.2
Fasciola hepatica	Platyhelminthes	6192	GCA_900302435.1
Fasciolopsis buski	Platyhelminthes	27845	GCA_008360955.1
Fonsecaea pedrosoi CBS 271.37	Fungi	1442368	GCA_000835455.1
Fusarium circinatum	Fungi	48490	GCA_013396185.1
Fusarium fujikuroi IMI 58289	Fungi	1279085	GCA_900079805.1
Fusarium graminearum	Fungi	5518	GCA_900044135.1
Fusarium mangiferae	Fungi	192010	GCA_900044065.1
Fusarium odoratissimum	Fungi	2502994	GCA_000350365.1
Fusarium oxysporum f. sp. lycopersici 4287	Fungi	426428	GCA_000149955.2
Fusarium proliferatum ET1	Fungi	1227346	GCA_900067095.1
Fusarium vanettenii 77-13-4	Fungi	660122	GCA_000151355.1
Fusarium verticillioides 7600	Fungi	334819	GCA_000149555.1
Gaeumannomyces tritici R3-111a-1	Fungi	644352	GCA_000145635.1
Giardia intestinalis	Other eukaryotes	5741	GCF_000002435.2
Giardia muris	Other eukaryotes	5742	GCA_006247105.1
Girardia tigrina	Platyhelminthes	6162	GCA_001938485.1
Globisporangium irregulare DAOM BR486	Other eukaryotes	1223557	GCA_000387425.2
Globisporangium iwayamae DAOM BR242034	Other eukaryotes	1223558	GCA_000387465.2
Globisporangium ultimum DAOM BR144	Other eukaryotes	431595	GCA_000143045.1
Globodera ellingtonae	Nematoda	1517492	GCA_001723225.1
Globodera pallida	Nematoda	36090	GCA_000724045.1
Globodera pallida	Nematoda	36090	GCA_020449905.1
Globodera pallida	Nematoda	36090	GCA_023343765.1
Globodera rostochiensis	Nematoda	31243	GCA_018350315.1
Globodera rostochiensis	Nematoda	31243	GCA_018350325.1
Globodera rostochiensis	Nematoda	31243	GCA_900079975.1
Gongylonema pulchrum	Nematoda	637853	GCA_900617915.1
Gregarina niphandrodes	Other eukaryotes	110365	GCA_000223845.4
Gyrodactylus bullatarudis	Platyhelminthes	82660	GCA_012064415.1
Gyrodactylus salaris	Platyhelminthes	37629	GCA_000715275.1
Haemonchus contortus	Nematoda	6289	GCA_000442195.1
Haemonchus contortus	Nematoda	6289	GCA_000469685.2
Haemonchus contortus	Nematoda	6289	GCA_007637855.2
Haemonchus placei	Nematoda	6290	GCA_900617895.1
Haemoproteus tartakovskyi	Other eukaryotes	707206	GCA_001625125.1
Halicephalobus mephisto	Nematoda	2559892	GCA_009193035.1
Halicephalobus sp. NKZ332	Nematoda	2598192	GCA_009761265.1
Hamiltosporidium magnivora	Fungi	148818	GCA_004325065.1
Hamiltosporidium tvaerminnensis	Fungi	1176355	GCA_004325045.1
Hammondia hammondi	Other eukaryotes	99158	GCA_000258005.2
Hanseniaspora guilliermondii	Fungi	56406	GCA_900119595.1
Hanseniaspora uvarum	Fungi	29833	GCA_001747055.1
Heligmosomoides bakeri	Nematoda	375939	GCA_900096555.1
Heligmosomoides bakeri	Nematoda	375939	GCA_947359475.1
Heligmosomoides bakeri	Nematoda	375939	GCA_947359485.1
Heligmosomoides polygyrus	Nematoda	6339	GCA_900618505.1
Heligmosomoides polygyrus polygyrus	Nematoda	243955	GCA_947396875.1
Heligmosomoides polygyrus polygyrus	Nematoda	243955	GCA_947396885.1
Hemileia vastatrix	Fungi	203904	GCA_004125335.1
Hepatocystis sp. ex Piliocolobus tephrosceles	Other eukaryotes	2600580	GCA_902459845.2
Hepatospora eriocheir	Fungi	1081669	GCA_002087885.1
Heterobilharzia americana	Platyhelminthes	39320	GCA_944470545.2
Heterobilharzia americana	Platyhelminthes	39320	GCA_944470555.1
Heterodera carotae	Nematoda	157847	GCA_024500135.1
Heterodera glycines	Nematoda	51029	GCA_000150805.1
Heterodera glycines	Nematoda	51029	GCA_004148225.2
Heterodera glycines	Nematoda	51029	GCA_015680885.1
Heterodera schachtii	Nematoda	97005	GCA_019095935.1
Heterodera schachtii	Nematoda	97005	GCA_020449115.1
Heterodera schachtii	Nematoda	97005	GCA_023374025.1
Heterorhabditis bacteriophora	Nematoda	37862	GCA_000223415.1
Heterorhabditis indica	Nematoda	51550	GCA_020740425.2
Histomonas meleagridis	Other eukaryotes	135588	GCA_020186115.1
Histoplasma ohiense (nom. inval.)	Fungi	2902605	GCA_000170615.1
Hoplolaimus columbus	Nematoda	312701	GCA_016433075.1
Hoplolaimus galeatus	Nematoda	211160	GCA_016432905.1
Hortaea werneckii EXF-2000	Fungi	1157616	GCA_002127715.1
Hyaloperonospora arabidopsidis Emoy2	Other eukaryotes	559515	GCA_000173235.2
Hydatigera taeniaeformis	Platyhelminthes	6205	GCA_900622495.1
Hymenolepis diminuta	Platyhelminthes	6216	GCA_900618445.1
Hymenolepis diminuta	Platyhelminthes	6216	GCA_900708905.1
Hymenolepis diminuta	Platyhelminthes	6216	GCA_902177915.1
Hymenolepis microstoma	Platyhelminthes	85433	GCA_000469805.3
Kluyveromyces lactis	Fungi	28985	GCA_000002515.1
Koerneria luziae	Nematoda	912562	GCA_014805365.1
Kwoniella bestiolae CBS 10118	Fungi	1296100	GCA_000512585.2
Kwoniella dejecticola CBS 10117	Fungi	1296121	GCA_000512565.2
Kwoniella heveanensis CBS 569	Fungi	1296119	GCA_000507425.3
Kwoniella mangroviensis CBS 8507	Fungi	1296122	GCA_000507465.3
Leishmania aethiopica L147	Other eukaryotes	1206056	GCA_000444285.2
Leishmania amazonensis	Other eukaryotes	5659	GCA_000438535.1
Leishmania arabica	Other eukaryotes	40284	GCA_000410695.2
Leishmania braziliensis MHOM/BR/75/M2904	Other eukaryotes	420245	GCA_000002845.2
Leishmania donovani	Other eukaryotes	5661	GCA_000227135.2
Leishmania enriettii	Other eukaryotes	5663	GCA_000410755.2
Leishmania gerbilli	Other eukaryotes	40285	GCA_000443025.1
Leishmania infantum	Other eukaryotes	5671	GCA_900500625.2
Leishmania major strain Friedlin	Other eukaryotes	347515	GCA_000002725.2
Leishmania mexicana MHOM/GT/2001/U1103	Other eukaryotes	929439	GCA_000234665.4
Leishmania orientalis	Other eukaryotes	2249476	GCA_017916335.1
Leishmania panamensis MHOM/COL/81/L13	Other eukaryotes	1295824	GCA_000340495.1
Leishmania sp. Ghana 2012 LV757	Other eukaryotes	2803181	GCA_017918215.1
Leishmania sp. MAR LEM2494	Other eukaryotes	1303197	GCA_000409445.2
Leishmania sp. Namibia	Other eukaryotes	2802991	GCA_017918225.1
Leishmania tarentolae	Other eukaryotes	5689	TriTrypDB-61-LtarentolaeParrotTarII
Leishmania tropica L590	Other eukaryotes	1206058	GCA_000410715.1
Leishmania turanica	Other eukaryotes	62297	GCA_000441995.1
Leptomonas pyrrhocoris	Other eukaryotes	157538	GCA_001293395.1
Leptomonas seymouri	Other eukaryotes	5684	GCA_001299535.1
Levipalatum texanum	Nematoda	1486449	GCA_014805385.1
Lichtheimia corymbifera JMRC:FSU:9682	Fungi	1263082	GCA_000723665.1
Lichtheimia ramosa	Fungi	688394	GCA_008728235.1
Litomosoides brasiliensis	Nematoda	221926	GCA_013365375.1
Litomosoides sigmodontis	Nematoda	42156	GCA_013365315.1
Litomosoides sigmodontis	Nematoda	42156	GCA_900537275.1
Loa loa	Nematoda	7209	GCA_000733445.1
Loa loa	Nematoda	7209	GCF_000183805.2
Lodderomyces elongisporus NRRL YB-4239	Fungi	379508	GCA_000149685.1
Lomentospora prolificans	Fungi	41688	GCA_002276285.1
Macrophomina phaseolina MS6	Fungi	1126212	GCA_000302655.1
Macrostomum lignano	Platyhelminthes	282301	GCA_001188465.1
Macrostomum lignano	Platyhelminthes	282301	GCA_002269645.1
Madathamugadia hiepei	Nematoda	1240987	GCA_013365335.1
Magnaporthiopsis poae ATCC 64411	Fungi	644358	GCA_000193285.1
Malassezia globosa CBS 7966	Fungi	425265	GCA_000181695.1
Malassezia restricta	Fungi	76775	GCA_003290485.1
Malassezia sympodialis ATCC 42132	Fungi	1230383	GCA_900149145.1
Mansonella ozzardi	Nematoda	122354	GCA_029876185.1
Mansonella sp. 'DEUX'	Nematoda	1719275	GCA_947561635.1
Mansonella sp. 'DEUX'	Nematoda	1719275	GCA_948294485.1
Mastigamoeba balamuthi	Other eukaryotes	108607	GCA_902651635.1
Melampsora larici-populina 98AG31	Fungi	747676	GCA_000204055.1
Meloidogyne arenaria	Nematoda	6304	GCA_003133805.1
Meloidogyne arenaria	Nematoda	6304	GCA_003693565.1
Meloidogyne arenaria	Nematoda	6304	GCA_017562155.1
Meloidogyne arenaria	Nematoda	6304	GCA_900003985.1
Meloidogyne chitwoodi	Nematoda	59747	GCA_015183025.1
Meloidogyne chitwoodi	Nematoda	59747	GCA_015183035.1
Meloidogyne chitwoodi	Nematoda	59747	GCA_015183065.1
Meloidogyne enterolobii	Nematoda	390850	GCA_003693675.1
Meloidogyne enterolobii	Nematoda	390850	GCA_903797545.1
Meloidogyne enterolobii	Nematoda	390850	GCA_903994135.1
Meloidogyne exigua	Nematoda	186942	GCA_018905775.1
Meloidogyne floridensis	Nematoda	298350	GCA_000751915.1
Meloidogyne floridensis	Nematoda	298350	GCA_003693605.1
Meloidogyne graminicola	Nematoda	189291	GCA_002778205.2
Meloidogyne graminicola	Nematoda	189291	GCA_014773135.1
Meloidogyne hapla	Nematoda	6305	GCA_000172435.1
Meloidogyne incognita	Nematoda	6306	GCA_000180415.1
Meloidogyne incognita	Nematoda	6306	GCA_003693645.1
Meloidogyne incognita	Nematoda	6306	GCA_014132215.1
Meloidogyne incognita	Nematoda	6306	GCA_900182535.1
Meloidogyne javanica	Nematoda	6303	GCA_003693625.1
Meloidogyne javanica	Nematoda	6303	GCA_900003945.1
Meloidogyne luci	Nematoda	1585531	GCA_902706615.1
Mesocestoides corti	Platyhelminthes	53468	GCA_900604375.1
Mesorhabditis belari	Nematoda	2138241	GCA_900631915.1
Mesorhabditis belari	Nematoda	2138241	GCA_900631935.1
Metarhizium anisopliae ARSEF 549	Fungi	1276135	GCA_000814975.1
Meyerozyma guilliermondii ATCC 6260	Fungi	294746	GCA_000149425.1
Micoletzkya japonica	Nematoda	1250332	GCA_900490955.1
Microsporidium sp. FI-F-10	Fungi	2732488	GCA_021821965.1
Microsporum canis CBS 113480	Fungi	554155	GCA_000151145.1
Mitosporidium daphniae	Fungi	1485682	GCA_000760515.2
Moniezia expansa	Platyhelminthes	28841	GCA_019097775.1
Monocercomonoides exilis	Other eukaryotes	2049356	GCA_001643675.2
Mucor circinelloides 1006PhL	Fungi	1220926	GCA_000401635.1
Mucor lusitanicus CBS 277.49	Fungi	747725	GCA_001638945.1
Naegleria fowleri	Other eukaryotes	5763	GCA_014843625.1
Naegleria gruberi	Other eukaryotes	5762	GCA_000004985.1
Naegleria lovaniensis	Other eukaryotes	51637	GCA_003324165.2
Nakaseomyces glabratus	Fungi	5478	GCA_000002545.2
Necator americanus	Nematoda	51031	GCF_000507365.1
Nematocida ausubeli	Fungi	1913371	GCA_000250695.1
Nematocida displodere	Fungi	1805483	GCA_001642395.1
Nematocida major	Fungi	1912982	GCA_021653875.1
Nematocida parisii ERTm1	Fungi	881290	GCA_000250985.1
Nematocida sp. ERTm5	Fungi	1805481	GCA_001642415.1
Neospora caninum Liverpool	Other eukaryotes	572307	GCA_000208865.2
Neurospora crassa OR74A	Fungi	367110	GCA_000182925.2
Neurospora discreta FGSC 8579	Fungi	510953	FungiDB-61-NdiscretaFGSC8579
Neurospora tetrasperma FGSC 2508	Fungi	510951	GCA_000213175.1
Nippostrongylus brasiliensis	Nematoda	27835	GCA_900200055.1
Nippostrongylus brasiliensis	Nematoda	27835	GCA_900618405.1
Nosema apis BRL 01	Fungi	1037528	GCA_000447185.1
Nosema bombycis CQ1	Fungi	578461	GCA_000383075.1
Nosema ceranae BRL01	Fungi	578460	GCA_000182985.1
Nosema granulosis	Fungi	83296	GCA_015832245.1
Oesophagostomum dentatum	Nematoda	61180	GCA_000797555.1
Onchocerca flexuosa	Nematoda	387005	GCA_002249935.1
Onchocerca flexuosa	Nematoda	387005	GCA_900618345.1
Onchocerca lupi	Nematoda	153009	GCA_028564675.1
Onchocerca ochengi	Nematoda	42157	GCA_000950515.2
Onchocerca ochengi	Nematoda	42157	GCA_001077375.1
Onchocerca ochengi	Nematoda	42157	GCA_900537205.1
Onchocerca volvulus	Nematoda	6282	GCA_000180695.1
Onchocerca volvulus	Nematoda	6282	GCA_000499405.2
Ophiostoma piceae UAMH 11346	Fungi	1262450	GCA_000410735.1
Opisthorchis felineus	Platyhelminthes	147828	GCA_004794785.1
Opisthorchis viverrini	Platyhelminthes	6198	GCA_001990785.1
Opisthorchis viverrini	Platyhelminthes	6198	GCF_000715545.1
Ordospora colligata OC4	Fungi	1354746	GCA_000803265.1
Oscheius dolichura	Nematoda	473156	GCA_022343475.1
Oscheius dolichura	Nematoda	473156	GCA_022343505.1
Oscheius dolichura	Nematoda	473156	GCA_932521035.1
Oscheius onirici	Nematoda	1559960	GCA_932521025.1
Oscheius sp. DF5120	Nematoda	2879420	GCA_932521415.1
Oscheius sp. G VE-2021	Nematoda	2881407	GCA_022343465.1
Oscheius sp. JU1382	Nematoda	2879419	GCA_932521405.1
Oscheius sp. MCB	Nematoda	1523172	GCA_000934875.1
Oscheius sp. TEL-2014	Nematoda	1573569	GCA_001513535.1
Oscheius sp. TEL-2014	Nematoda	1573569	GCA_001630785.1
Oscheius tipulae	Nematoda	141969	GCA_013425905.1
Oscheius tipulae	Nematoda	141969	GCA_900184235.1
Panagrellus redivivus	Nematoda	6233	GCA_000341325.1
Panagrellus sp. LJ2284	Nematoda	2950576	GCA_024447225.1
Panagrellus sp. LJ2285	Nematoda	2950577	GCA_024447235.1
Panagrolaimus davidi	Nematoda	227884	GCA_901779475.1
Panagrolaimus sp. ES5	Nematoda	591445	GCA_901766855.1
Panagrolaimus sp. JU765	Nematoda	591449	GCA_901765185.1
Panagrolaimus sp. k MP-2021	Nematoda	2901388	GCA_028622995.1
Panagrolaimus sp. LJ2400	Nematoda	2950585	GCA_024447215.1
Panagrolaimus sp. LJ2406	Nematoda	2950587	GCA_024447205.1
Panagrolaimus sp. LJ2414	Nematoda	2950588	GCA_024447195.1
Panagrolaimus sp. PS1159	Nematoda	55785	GCA_901765195.1
Panagrolaimus sp. PS1579	Nematoda	310962	GCA_901779485.1
Panagrolaimus superbus	Nematoda	310955	GCA_901766145.1
Paracoccidioides brasiliensis Pb03	Fungi	482561	GCA_000150475.2
Paracoccidioides lutzii Pb01	Fungi	502779	GCA_000150705.2
Paragonimus heterotremus	Platyhelminthes	100268	GCA_013368495.1
Paragonimus kellicotti	Platyhelminthes	100269	GCA_014220965.1
Paragonimus skrjabini miyazakii	Platyhelminthes	59628	GCA_014338405.1
Paragonimus westermani	Platyhelminthes	34504	GCA_008508345.1
Paragonimus westermani	Platyhelminthes	34504	GCA_015252655.1
Parapristionchus giblindavisi	Nematoda	1187980	GCA_900491355.1
Parapristionchus giblindavisi	Nematoda	1187980	GCA_943737045.1
Parascaris univalens	Nematoda	6257	GCA_002259205.1
Parascaris univalens	Nematoda	6257	GCA_002259215.1
Parastagonospora nodorum SN15	Fungi	321614	GCA_016801405.1
Parastrongyloides trichosuri	Nematoda	131310	GCA_000941615.1
Paratrypanosoma confusum	Other eukaryotes	1470209	GCA_002921335.1
Parelaphostrongylus tenuis	Nematoda	148309	GCA_019055375.1
Penicilliopsis zonata CBS 506.65	Fungi	1073090	GCA_001890105.1
Penicillium rubens Wisconsin 54-1255	Fungi	500485	GCA_000226395.1
Peronospora effusa	Other eukaryotes	542832	GCA_003843895.1
Phanerochaete chrysosporium RP-78	Fungi	273507	GCA_000167175.1
Phycomyces blakesleeanus NRRL 1555(-)	Fungi	763407	GCA_001638985.2
Phytophthora capsici	Other eukaryotes	4784	GCA_016618375.1
Phytophthora cinnamomi var. cinnamomi CBS 144.22	Other eukaryotes	1048749	FungiDB-61-PcinnamomiCBS144-22
Phytophthora infestans T30-4	Other eukaryotes	403677	GCA_000142945.1
Phytophthora palmivora var. palmivora	Other eukaryotes	611791	GCA_002911725.1
Phytophthora parasitica INRA-310	Other eukaryotes	761204	GCA_000247585.2
Phytophthora plurivora	Other eukaryotes	639000	GCA_002247145.1
Phytophthora ramorum	Other eukaryotes	164328	GCA_000149735.1
Phytophthora sojae	Other eukaryotes	67593	GCA_000149755.2
Phytopythium vexans DAOM BR484	Other eukaryotes	1223560	GCA_000387545.2
Pichia kudriavzevii	Fungi	4909	GCA_003054445.1
Plasmodium berghei ANKA	Other eukaryotes	5823	GCA_900002375.2
Plasmodium chabaudi chabaudi	Other eukaryotes	31271	GCA_900002335.2
Plasmodium coatneyi	Other eukaryotes	208452	GCA_001680005.1
Plasmodium cynomolgi	Other eukaryotes	5827	GCA_900180395.1
Plasmodium falciparum 3D7	Other eukaryotes	36329	GCA_000002765.3
Plasmodium fragile	Other eukaryotes	5857	GCA_000956335.1
Plasmodium gaboni	Other eukaryotes	647221	GCA_001602025.1
Plasmodium gallinaceum	Other eukaryotes	5849	GCA_900005855.1
Plasmodium inui San Antonio 1	Other eukaryotes	1237626	GCA_000524495.1
Plasmodium knowlesi strain H	Other eukaryotes	5851	GCA_000006355.3
Plasmodium malariae	Other eukaryotes	5858	GCA_900090045.1
Plasmodium ovale	Other eukaryotes	36330	GCA_900090035.2
Plasmodium reichenowi	Other eukaryotes	5854	GCA_000723685.1
Plasmodium relictum	Other eukaryotes	85471	GCA_900005765.1
Plasmodium sp. DRC-Itaito	Other eukaryotes	720590	GCA_900257145.2
Plasmodium sp. gorilla clade G1	Other eukaryotes	880534	GCA_900095595.1
Plasmodium sp. gorilla clade G2	Other eukaryotes	880535	GCA_900097015.1
Plasmodium sp. gorilla clade G3	Other eukaryotes	880536	GCA_900097035.1
Plasmodium vinckei vinckei	Other eukaryotes	54757	GCA_900681995.1
Plasmodium vivax	Other eukaryotes	5855	GCA_900093555.2
Plasmodium vivax-like sp.	Other eukaryotes	27990	PlasmoDB-61-Pvivax-likePvl01
Plasmodium yoelii	Other eukaryotes	5861	GCA_900002385.2
Plectus murrayi	Nematoda	538668	GCA_004785735.1
Plectus sambesii	Nematoda	2011161	GCA_002796945.1
Pleurotus ostreatus PC15	Fungi	1137138	GCA_000697685.1
Pneumocystis canis	Fungi	2698477	GCA_017788925.1
Pneumocystis jirovecii	Fungi	42068	GCA_000333975.2
Pneumocystis oryctolagi	Fungi	42067	GCA_017311285.1
Pneumocystis sp. 'macacae'	Fungi	2698480	GCA_018127085.1
Pneumocystis wakefieldiae	Fungi	38082	GCA_017301755.1
Podospora anserina S mat+	Fungi	515849	GCA_000226545.1
Podospora comata	Fungi	48703	GCA_900290415.1
Porcisia hertigi	Other eukaryotes	2761500	GCA_017918235.1
Porospora cf. gigantea A	Other eukaryotes	2853593	GCA_019968955.1
Pristionchus arcanus	Nematoda	1195655	GCA_900490705.1
Pristionchus entomophagus	Nematoda	358040	GCA_900490825.1
Pristionchus exspectatus	Nematoda	1195656	GCA_900380275.1
Pristionchus exspectatus	Nematoda	1195656	GCA_911812115.1
Pristionchus fissidentatus	Nematoda	1538716	GCA_900490895.1
Pristionchus japonicus	Nematoda	1195657	GCA_900490845.1
Pristionchus maxplancki	Nematoda	1317128	GCA_900490775.1
Pristionchus mayeri	Nematoda	1317129	GCA_900490875.1
Pristionchus pacificus	Nematoda	54126	GCA_000180635.4
Pristionchus pacificus	Nematoda	54126	GCA_918442785.1
Pristionchus pacificus	Nematoda	54126	GCA_918442795.1
Pristionchus pacificus	Nematoda	54126	GCA_918442805.1
Pristionchus pacificus	Nematoda	54126	GCA_918442815.1
Pristionchus pacificus	Nematoda	54126	GCA_918442825.1
Pristionchus pacificus	Nematoda	54126	GCA_918442835.1
Pristionchus pacificus	Nematoda	54126	GCA_918442845.1
Prostheceraeus crozeri	Platyhelminthes	2291463	GCA_907163375.1
Proteocephalus fallax	Platyhelminthes	3003519	GCA_028672205.1
Protopolystoma xenopodis	Platyhelminthes	117903	GCA_900617795.1
Pseudogymnoascus destructans 20631-21	Fungi	658429	GCA_000184105.1
Pseudoloma neurophilia	Fungi	146866	GCA_001432165.1
Puccinia graminis f. sp. tritici CRL 75-36-700-3	Fungi	418459	GCA_000149925.1
Puccinia sorghi	Fungi	27349	GCA_001263375.1
Puccinia striiformis	Fungi	27350	GCA_002920065.1
Puccinia triticina 1-1 BBBD Race 1	Fungi	630390	GCA_000151525.2
Pyricularia oryzae 70-15	Fungi	242507	GCA_000002495.2
Pythium aphanidermatum DAOM BR444	Other eukaryotes	1223555	GCA_000387445.2
Pythium arrhenomanes ATCC 12531	Other eukaryotes	1223556	GCA_000387505.2
Pythium insidiosum	Other eukaryotes	114742	GCA_001029375.2
Radopholus similis	Nematoda	46012	GCA_013357305.1
Radopholus similis	Nematoda	46012	GCA_013357325.1
Raffaelea lauricola	Fungi	483707	GCA_014183025.1
Rhabditida sp.	Nematoda	2731189	GCA_029299675.1
Rhabditida sp. S2 005 001R2	Nematoda	2492660	GCA_004026265.1
Rhabditophanes sp. KR3021	Nematoda	114890	GCA_000944355.1
Rhinocladiella mackenziei CBS 650.93	Fungi	1442369	GCA_000835555.1
Rhizophagus irregularis DAOM 181602=DAOM 197198	Fungi	747089	GCA_000439145.3
Rhizopus delemar RA 99-880	Fungi	246409	GCA_000149305.1
Rhizopus microsporus var. microsporus	Fungi	86635	GCA_002083745.1
Rodentolepis nana	Platyhelminthes	102285	GCA_900617975.1
Romanomermis culicivorax	Nematoda	13658	GCA_001039655.1
Rotylenchulus reniformis	Nematoda	239373	GCA_001026735.1
Saccharomyces cerevisiae S288C	Fungi	559292	GCA_000146045.2
Saccharomyces paradoxus	Fungi	27291	GCA_002079055.1
Saccharomycodes ludwigii	Fungi	36035	GCA_900491785.1
Saprolegnia diclina VS20	Other eukaryotes	1156394	GCA_000281045.1
Saprolegnia parasitica CBS 223.65	Other eukaryotes	695850	GCA_000151545.2
Sarcocystis neurona	Other eukaryotes	42890	GCA_000727475.1
Scedosporium apiospermum	Fungi	563466	GCA_000732125.1
Schistocephalus solidus	Platyhelminthes	70667	GCA_017591395.1
Schistocephalus solidus	Platyhelminthes	70667	GCA_900618435.1
Schistosoma bovis	Platyhelminthes	6184	GCA_003958945.1
Schistosoma bovis	Platyhelminthes	6184	GCA_944470425.1
Schistosoma bovis	Platyhelminthes	6184	GCA_944470445.2
Schistosoma curassoni	Platyhelminthes	6186	GCA_900618015.1
Schistosoma curassoni	Platyhelminthes	6186	GCA_907275115.1
Schistosoma curassoni	Platyhelminthes	6186	GCA_944474815.1
Schistosoma guineensis	Platyhelminthes	393876	GCA_944470375.1
Schistosoma haematobium	Platyhelminthes	6185	GCA_944470455.2
Schistosoma haematobium	Platyhelminthes	6185	GCA_944470465.2
Schistosoma haematobium	Platyhelminthes	6185	GCF_000699445.3
Schistosoma intercalatum	Platyhelminthes	6187	GCA_944470365.1
Schistosoma intercalatum	Platyhelminthes	6187	GCA_944470385.2
Schistosoma japonicum	Platyhelminthes	6182	GCA_000151775.1
Schistosoma japonicum	Platyhelminthes	6182	GCA_006368765.1
Schistosoma japonicum	Platyhelminthes	6182	GCA_021461655.1
Schistosoma japonicum	Platyhelminthes	6182	GCA_025215515.1
Schistosoma mansoni	Platyhelminthes	6183	GCA_000237925.5
Schistosoma margrebowiei	Platyhelminthes	48269	GCA_900618395.1
Schistosoma margrebowiei	Platyhelminthes	48269	GCA_944470205.1
Schistosoma mattheei	Platyhelminthes	31246	GCA_900617995.1
Schistosoma mattheei	Platyhelminthes	31246	GCA_944470405.1
Schistosoma rodhaini	Platyhelminthes	6188	GCA_944470415.1
Schistosoma rodhaini	Platyhelminthes	6188	GCA_944470435.2
Schistosoma spindale	Platyhelminthes	6189	GCA_946903255.1
Schistosoma turkestanicum	Platyhelminthes	1163369	GCA_944470395.1
Schizosaccharomyces japonicus yFS275	Fungi	402676	GCA_000149845.2
Schizosaccharomyces octosporus yFS286	Fungi	483514	GCA_000150505.2
Schizosaccharomyces pombe	Fungi	4896	GCA_000002945.2
Schmidtea mediterranea	Platyhelminthes	79327	GCA_000181075.1
Schmidtea mediterranea	Platyhelminthes	79327	GCA_000572305.1
Schmidtea mediterranea	Platyhelminthes	79327	GCA_000691995.1
Schmidtea mediterranea	Platyhelminthes	79327	GCA_002600895.1
Schmidtea mediterranea	Platyhelminthes	79327	GCA_022537955.1
Sclerotinia sclerotiorum 1980 UF-70	Fungi	665079	GCA_001857865.1
Setaria digitata	Nematoda	48799	GCA_003640385.1
Setaria digitata	Nematoda	48799	GCA_900083525.1
Setaria equina	Nematoda	221942	GCA_003012265.1
Soboliphyme baturini	Nematoda	241478	GCA_900618415.1
Sordaria macrospora k-hell	Fungi	771870	GCA_000182805.2
Sparganum proliferum	Platyhelminthes	64606	GCA_902702955.1
Spirometra erinaceieuropaei	Platyhelminthes	99802	GCA_000951995.1
Spirometra erinaceieuropaei	Platyhelminthes	99802	GCA_902702965.1
Spironucleus salmonicida	Other eukaryotes	348837	GCA_000497125.2
Spizellomyces punctatus DAOM BR117	Fungi	645134	GCA_000182565.2
Sporisorium reilianum SRZ2	Fungi	999809	GCA_000230245.1
Sporothrix brasiliensis 5110	Fungi	1398154	GCA_000820605.1
Sporothrix schenckii 1099-18	Fungi	1397361	GCA_000961545.1
Spraguea lophii 42 110	Fungi	1358809	GCA_000430065.1
Stachybotrys chartarum IBT 40293	Fungi	1280524	GCA_000732565.1
Steinernema carpocapsae	Nematoda	34508	GCA_000757645.3
Steinernema diaprepesi	Nematoda	193536	GCA_013436035.1
Steinernema feltiae	Nematoda	52066	GCA_000757705.1
Steinernema feltiae	Nematoda	52066	GCA_007213375.1
Steinernema glaseri	Nematoda	37863	GCA_000757755.1
Steinernema khuongi	Nematoda	2781566	GCA_016648015.1
Steinernema monticolum	Nematoda	90984	GCA_000505645.1
Steinernema scapterisci	Nematoda	90986	GCA_000757745.1
Strongyloides papillosus	Nematoda	174720	GCA_000936265.1
Strongyloides papillosus	Nematoda	174720	GCA_005656395.1
Strongyloides ratti	Nematoda	34506	GCF_001040885.1
Strongyloides stercoralis	Nematoda	6248	GCA_000947215.1
Strongyloides stercoralis	Nematoda	6248	GCA_029582065.1
Strongyloides venezuelensis	Nematoda	75913	GCA_001028725.1
Strongylus vulgaris	Nematoda	40348	GCA_900624965.1
Subanguina moxae	Nematoda	1120120	GCA_000981365.1
Synchytrium endobioticum	Fungi	286115	GCA_006535955.1
Taenia asiatica	Platyhelminthes	60517	GCA_001693035.2
Taenia asiatica	Platyhelminthes	60517	GCA_900618005.1
Taenia crassiceps	Platyhelminthes	6207	GCA_023375655.1
Taenia multiceps	Platyhelminthes	94034	GCA_001923025.3
Taenia pisiformis	Platyhelminthes	85432	GCA_023968675.1
Taenia saginata	Platyhelminthes	6206	GCA_001693075.2
Taenia solium	Platyhelminthes	6204	GCA_001870725.1
Taenia solium	Platyhelminthes	6204	GCA_002082475.1
Taenia solium	Platyhelminthes	6204	GCA_002221735.1
Talaromyces marneffei ATCC 18224	Fungi	441960	GCA_000001985.1
Talaromyces stipitatus ATCC 10500	Fungi	441959	GCA_000003125.1
Taphrina deformans PYCC 5710	Fungi	1097556	GCA_000312925.2
Teladorsagia circumcincta	Nematoda	45464	GCA_002352805.1
Theileria annulata	Other eukaryotes	5874	GCA_000003225.1
Theileria equi strain WA	Other eukaryotes	1537102	GCA_000342415.1
Theileria orientalis strain Shintoku	Other eukaryotes	869250	GCA_000740895.1
Theileria parva strain Muguga	Other eukaryotes	333668	GCA_000165365.1
Thelazia callipaeda	Nematoda	103827	GCA_900618365.1
Thelohania contejeani	Fungi	164912	GCA_014805555.1
Thermothelomyces thermophilus ATCC 42464	Fungi	573729	GCA_000226095.1
Toxascaris leonina	Nematoda	59264	GCA_022844705.1
Toxocara canis	Nematoda	6265	GCA_000803305.1
Toxocara canis	Nematoda	6265	GCA_001680135.1
Toxocara canis	Nematoda	6265	GCA_900622545.1
Toxoplasma gondii ME49	Other eukaryotes	508771	GCF_000006565.2
Trachipleistophora hominis	Fungi	72359	GCA_000316135.1
Tremella mesenterica DSM 1558	Fungi	578456	GCA_000271645.1
Trichinella britovi	Nematoda	45882	GCA_001447585.1
Trichinella murrelli	Nematoda	144512	GCA_001447425.1
Trichinella murrelli	Nematoda	144512	GCA_002221485.1
Trichinella nativa	Nematoda	6335	GCA_001447565.2
Trichinella nativa	Nematoda	6335	GCA_002148645.1
Trichinella nelsoni	Nematoda	6336	GCA_001447455.1
Trichinella nelsoni	Nematoda	6336	GCA_025699415.1
Trichinella papuae	Nematoda	268474	GCA_001447755.1
Trichinella patagoniensis	Nematoda	990121	GCA_001447655.1
Trichinella pseudospiralis	Nematoda	6337	GCA_001447445.1
Trichinella pseudospiralis	Nematoda	6337	GCA_001447575.1
Trichinella pseudospiralis	Nematoda	6337	GCA_001447645.1
Trichinella pseudospiralis	Nematoda	6337	GCA_001447675.1
Trichinella pseudospiralis	Nematoda	6337	GCA_001447725.1
Trichinella pseudospiralis	Nematoda	6337	GCA_005323645.1
Trichinella sp. 17WV049-YT159	Nematoda	2600093	GCA_011764315.1
Trichinella sp. T6	Nematoda	92179	GCA_001447435.1
Trichinella sp. T8	Nematoda	92180	GCA_001447745.1
Trichinella sp. T9	Nematoda	181606	GCA_001447505.1
Trichinella spiralis	Nematoda	6334	GCA_000181795.3
Trichinella spiralis	Nematoda	6334	GCA_001447595.1
Trichinella spiralis	Nematoda	6334	GCA_008807755.1
Trichinella spiralis	Nematoda	6334	GCA_008807775.1
Trichinella spiralis	Nematoda	6334	GCA_008807795.1
Trichinella spiralis	Nematoda	6334	GCA_008807815.1
Trichinella zimbabwensis	Nematoda	268475	GCA_001447665.1
Trichobilharzia regenti	Platyhelminthes	157069	GCA_900618515.1
Trichobilharzia regenti	Platyhelminthes	157069	GCA_944472135.1
Trichobilharzia szidati	Platyhelminthes	157070	GCA_944472155.1
Trichoderma atroviride	Fungi	63577	GCA_001599035.1
Trichoderma reesei QM6a	Fungi	431241	GCA_000167675.2
Trichoderma virens Gv29-8	Fungi	413071	GCA_000170995.2
Trichomonas tenax	Other eukaryotes	43075	GCA_900231805.1
Trichomonas vaginalis G3	Other eukaryotes	412133	GCA_026262505.1
Trichomonascus ciferrii	Fungi	44093	GCA_008704605.1
Trichophyton mentagrophytes	Fungi	523103	GCA_003118255.1
Trichophyton rubrum CBS 118892	Fungi	559305	GCA_000151425.1
Trichophyton tonsurans CBS 112818	Fungi	647933	GCA_000151455.1
Trichosporon asahii var. asahii CBS 2479	Fungi	1186058	GCA_000293215.1
Trichuris muris	Nematoda	70415	GCA_000612645.2
Trichuris suis	Nematoda	68888	GCA_000701005.1
Trichuris suis	Nematoda	68888	GCA_000701025.1
Trichuris suis	Nematoda	68888	GCA_000797535.1
Trichuris trichiura	Nematoda	36087	GCA_000613005.1
Tritrichomonas foetus	Other eukaryotes	1144522	GCA_001839685.1
Trypanosoma brucei brucei TREU927	Other eukaryotes	185431	GCA_000002445.1
Trypanosoma congolense IL3000	Other eukaryotes	1068625	GCA_000227395.2
Trypanosoma cruzi strain CL Brener	Other eukaryotes	353153	GCA_000209065.1
Trypanosoma equiperdum	Other eukaryotes	5694	GCA_001457755.2
Trypanosoma evansi	Other eukaryotes	5697	TriTrypDB-61-TevansiSTIB805
Trypanosoma grayi	Other eukaryotes	71804	GCA_000691245.1
Trypanosoma melophagium	Other eukaryotes	715481	GCA_022059095.1
Trypanosoma rangeli SC58	Other eukaryotes	429131	GCA_000492115.1
Trypanosoma theileri	Other eukaryotes	67003	GCA_002087225.1
Trypanosoma vivax Y486	Other eukaryotes	1055687	GCA_000227375.1
Tubulinosema ratisbonensis	Fungi	291195	GCA_004000155.1
Uncinocarpus reesii 1704	Fungi	336963	GCA_000003515.2
Ustilago maydis 521	Fungi	237631	GCA_000328475.2
Vavraia culicis subsp. floridensis	Fungi	948595	GCA_000192795.1
Verruconis gallopava	Fungi	253628	GCA_000836295.1
Verticillium dahliae JR2	Fungi	1202531	GCA_000400815.2
Vitrella brassicaformis CCMP3155	Other eukaryotes	1169540	GCA_001179505.1
Vittaforma corneae ATCC 50505	Fungi	993615	GCA_000231115.1
Wuchereria bancrofti	Nematoda	6293	GCA_000180755.1
Wuchereria bancrofti	Nematoda	6293	GCA_001555675.1
Wuchereria bancrofti	Nematoda	6293	GCA_005281725.1
Wuchereria bancrofti	Nematoda	6293	GCA_900622535.1
Yarrowia lipolytica CLIB122	Fungi	284591	GCA_000002525.1
Zymoseptoria tritici IPO323	Fungi	336722	GCA_000219625.1