assemblyId	fasta
FungiDB-61-Acandida2VRR	library/FungiDB-61-Acandida2VRR_Genome.decontaminated.fna.gz
FungiDB-61-AlaibachiiNc14	library/FungiDB-61-AlaibachiiNc14_Genome.decontaminated.fna.gz
FungiDB-61-NdiscretaFGSC8579	library/FungiDB-61-NdiscretaFGSC8579_Genome.decontaminated.fna.gz
FungiDB-61-PcinnamomiCBS144-22	library/FungiDB-61-PcinnamomiCBS144-22_Genome.decontaminated.fna.gz
GCA_000001985.1	library/GCA_000001985.1_JCVI-PMFA1-2.0_genomic.decontaminated.fna.gz
GCA_000002445.1	library/GCA_000002445.1_ASM244v1_genomic.decontaminated.fna.gz
GCA_000002495.2	library/GCA_000002495.2_MG8_genomic.decontaminated.fna.gz
GCA_000002515.1	library/GCA_000002515.1_ASM251v1_genomic.decontaminated.fna.gz
GCA_000002525.1	library/GCA_000002525.1_ASM252v1_genomic.decontaminated.fna.gz
GCA_000002545.2	library/GCA_000002545.2_ASM254v2_genomic.decontaminated.fna.gz
GCA_000002655.1	library/GCA_000002655.1_ASM265v1_genomic.decontaminated.fna.gz
GCA_000002715.1	library/GCA_000002715.1_ASM271v1_genomic.decontaminated.fna.gz
GCA_000002725.2	library/GCA_000002725.2_ASM272v2_genomic.decontaminated.fna.gz
GCA_000002765.3	library/GCA_000002765.3_GCA_000002765_genomic.decontaminated.fna.gz
GCA_000002845.2	library/GCA_000002845.2_ASM284v2_genomic.decontaminated.fna.gz
GCA_000002855.2	library/GCA_000002855.2_ASM285v2_genomic.decontaminated.fna.gz
GCA_000002945.2	library/GCA_000002945.2_ASM294v2_genomic.decontaminated.fna.gz
GCA_000003125.1	library/GCA_000003125.1_JCVI-TSTA1-3.0_genomic.decontaminated.fna.gz
GCA_000003225.1	library/GCA_000003225.1_ASM322v1_genomic.decontaminated.fna.gz
GCA_000003515.2	library/GCA_000003515.2_ASM351v2_genomic.decontaminated.fna.gz
GCA_000003525.2	library/GCA_000003525.2_BD_ER3_V1_genomic.decontaminated.fna.gz
GCA_000003835.1	library/GCA_000003835.1_ASM383v1_genomic.decontaminated.fna.gz
GCA_000003855.2	library/GCA_000003855.2_BD_SLH14081_V1_genomic.decontaminated.fna.gz
GCA_000004985.1	library/GCA_000004985.1_V1.0_genomic.decontaminated.fna.gz
GCA_000006275.3	library/GCA_000006275.3_JCVI-afl1-v3.0_genomic.decontaminated.fna.gz
GCA_000006335.3	library/GCA_000006335.3_ASM633v3_genomic.decontaminated.fna.gz
GCA_000006355.3	library/GCA_000006355.3_GCA_000006355.2_genomic.decontaminated.fna.gz
GCA_000006425.2	library/GCA_000006425.2_ASM642v2_genomic.decontaminated.fna.gz
GCA_000006445.2	library/GCA_000006445.2_ASM644v2_genomic.decontaminated.fna.gz
GCA_000026945.1	library/GCA_000026945.1_ASM2694v1_genomic.decontaminated.fna.gz
GCA_000091045.1	library/GCA_000091045.1_ASM9104v1_genomic.decontaminated.fna.gz
GCA_000091225.2	library/GCA_000091225.2_ASM9122v2_genomic.decontaminated.fna.gz
GCA_000142945.1	library/GCA_000142945.1_ASM14294v1_genomic.decontaminated.fna.gz
GCA_000143045.1	library/GCA_000143045.1_pug_genomic.decontaminated.fna.gz
GCA_000143365.1	library/GCA_000143365.1_ASM14336v1_genomic.decontaminated.fna.gz
GCA_000143535.4	library/GCA_000143535.4_ASM14353v4_genomic.decontaminated.fna.gz
GCA_000143925.2	library/GCA_000143925.2_C_brenneri-6.0.1b_genomic.decontaminated.fna.gz
GCA_000145635.1	library/GCA_000145635.1_Gae_graminis_V2_genomic.decontaminated.fna.gz
GCA_000146045.2	library/GCA_000146045.2_R64_genomic.decontaminated.fna.gz
GCA_000146465.1	library/GCA_000146465.1_ASM14646v1_genomic.decontaminated.fna.gz
GCA_000147155.1	library/GCA_000147155.1_C_japonica-7.0.1_genomic.decontaminated.fna.gz
GCA_000149035.1	library/GCA_000149035.1_C_graminicola_M1_001_V1_genomic.decontaminated.fna.gz
GCA_000149205.2	library/GCA_000149205.2_ASM14920v2_genomic.decontaminated.fna.gz
GCA_000149305.1	library/GCA_000149305.1_RO3_genomic.decontaminated.fna.gz
GCA_000149335.2	library/GCA_000149335.2_ASM14933v2_genomic.decontaminated.fna.gz
GCA_000149425.1	library/GCA_000149425.1_ASM14942v1_genomic.decontaminated.fna.gz
GCA_000149555.1	library/GCA_000149555.1_ASM14955v1_genomic.decontaminated.fna.gz
GCA_000149615.1	library/GCA_000149615.1_ASM14961v1_genomic.decontaminated.fna.gz
GCA_000149645.4	library/GCA_000149645.4_ASM14964v4_genomic.decontaminated.fna.gz
GCA_000149685.1	library/GCA_000149685.1_ASM14968v1_genomic.decontaminated.fna.gz
GCA_000149735.1	library/GCA_000149735.1_ASM14973v1_genomic.decontaminated.fna.gz
GCA_000149755.2	library/GCA_000149755.2_P.sojae_V3.0_genomic.decontaminated.fna.gz
GCA_000149845.2	library/GCA_000149845.2_SJ5_genomic.decontaminated.fna.gz
GCA_000149865.1	library/GCA_000149865.1_BD_JEL423_genomic.decontaminated.fna.gz
GCA_000149925.1	library/GCA_000149925.1_ASM14992v1_genomic.decontaminated.fna.gz
GCA_000149955.2	library/GCA_000149955.2_ASM14995v2_genomic.decontaminated.fna.gz
GCA_000150475.2	library/GCA_000150475.2_Paracocci_br_Pb03_V2_genomic.decontaminated.fna.gz
GCA_000150505.2	library/GCA_000150505.2_SO6_genomic.decontaminated.fna.gz
GCA_000150705.2	library/GCA_000150705.2_Paracocci_br_Pb01_V2_genomic.decontaminated.fna.gz
GCA_000151145.1	library/GCA_000151145.1_ASM15114v1_genomic.decontaminated.fna.gz
GCA_000151295.1	library/GCA_000151295.1_A_macrogynus_V3_genomic.decontaminated.fna.gz
GCA_000151355.1	library/GCA_000151355.1_v2.0_genomic.decontaminated.fna.gz
GCA_000151425.1	library/GCA_000151425.1_ASM15142v1_genomic.decontaminated.fna.gz
GCA_000151455.1	library/GCA_000151455.1_ASM15145v1_genomic.decontaminated.fna.gz
GCA_000151525.2	library/GCA_000151525.2_P_triticina_1_1_V2_genomic.decontaminated.fna.gz
GCA_000151545.2	library/GCA_000151545.2_ASM15154v2_genomic.decontaminated.fna.gz
GCA_000165345.1	library/GCA_000165345.1_ASM16534v1_genomic.decontaminated.fna.gz
GCA_000165365.1	library/GCA_000165365.1_ASM16536v1_genomic.decontaminated.fna.gz
GCA_000165395.2	library/GCA_000165395.2_ASM16539v2_genomic.decontaminated.fna.gz
GCA_000167175.1	library/GCA_000167175.1_ASM16717v1_genomic.decontaminated.fna.gz
GCA_000167675.2	library/GCA_000167675.2_v2.0_genomic.decontaminated.fna.gz
GCA_000170175.2	library/GCA_000170175.2_CPS2_genomic.decontaminated.fna.gz
GCA_000170615.1	library/GCA_000170615.1_ASM17061v1_genomic.decontaminated.fna.gz
GCA_000170995.2	library/GCA_000170995.2_TRIVI_v2.0_genomic.decontaminated.fna.gz
GCA_000172435.1	library/GCA_000172435.1_Freeze_1_genomic.decontaminated.fna.gz
GCA_000173235.2	library/GCA_000173235.2_HyaAraEmoy2_2.0_genomic.decontaminated.fna.gz
GCA_000180635.4	library/GCA_000180635.4_El_Paco_v._4_genomic.decontaminated.fna.gz
GCA_000181695.1	library/GCA_000181695.1_ASM18169v1_genomic.decontaminated.fna.gz
GCA_000182565.2	library/GCA_000182565.2_S_punctatus_V1_genomic.decontaminated.fna.gz
GCA_000182765.2	library/GCA_000182765.2_ASM18276v2_genomic.decontaminated.fna.gz
GCA_000182805.2	library/GCA_000182805.2_ASM18280v2_genomic.decontaminated.fna.gz
GCA_000182895.1	library/GCA_000182895.1_CC3_genomic.decontaminated.fna.gz
GCA_000182925.2	library/GCA_000182925.2_NC12_genomic.decontaminated.fna.gz
GCA_000182965.3	library/GCA_000182965.3_ASM18296v3_genomic.decontaminated.fna.gz
GCA_000182985.1	library/GCA_000182985.1_ASM18298v1_genomic.decontaminated.fna.gz
GCA_000184105.1	library/GCA_000184105.1_Geom_destructans_V1_genomic.decontaminated.fna.gz
GCA_000184455.3	library/GCA_000184455.3_ASM18445v3_genomic.decontaminated.fna.gz
GCA_000185945.1	library/GCA_000185945.1_ASM18594v1_genomic.decontaminated.fna.gz
GCA_000192795.1	library/GCA_000192795.1.clean.fasta.gz
GCA_000193285.1	library/GCA_000193285.1_Mag_poae_ATCC_64411_V1_genomic.decontaminated.fna.gz
GCA_000204055.1	library/GCA_000204055.1_v1.0_genomic.decontaminated.fna.gz
GCA_000208865.2	library/GCA_000208865.2_ASM20886v2_genomic.decontaminated.fna.gz
GCA_000208925.2	library/GCA_000208925.2_JCVI_ESG2_1.0_genomic.decontaminated.fna.gz
GCA_000209065.1	library/GCA_000209065.1_ASM20906v1_genomic.decontaminated.fna.gz
GCA_000209125.2	library/GCA_000209125.2_JCVI_EDISG_1.0_genomic.decontaminated.fna.gz
GCA_000209485.1	library/GCA_000209485.1_ASM20948v1_genomic.decontaminated.fna.gz
GCA_000213175.1	library/GCA_000213175.1_v2.0_genomic.decontaminated.fna.gz
GCA_000219625.1	library/GCA_000219625.1_MYCGR_v2.0_genomic.decontaminated.fna.gz
GCA_000223415.1	library/GCA_000223415.1_Heterorhabditis_bacteriophora-7.0_genomic.decontaminated.fna.gz
GCA_000223845.4	library/GCA_000223845.4_GNI3_genomic.decontaminated.fna.gz
GCA_000225285.2	library/GCA_000225285.2_EpiGly_1.0_genomic.decontaminated.fna.gz
GCA_000226095.1	library/GCA_000226095.1_ASM22609v1_genomic.decontaminated.fna.gz
GCA_000226395.1	library/GCA_000226395.1_PenChr_Nov2007_genomic.decontaminated.fna.gz
GCA_000226545.1	library/GCA_000226545.1_ASM22654v1_genomic.decontaminated.fna.gz
GCA_000227135.2	library/GCA_000227135.2_ASM22713v2_genomic.decontaminated.fna.gz
GCA_000227375.1	library/GCA_000227375.1_ASM22737v1_genomic.decontaminated.fna.gz
GCA_000227395.2	library/GCA_000227395.2_ASM22739v2_genomic.decontaminated.fna.gz
GCA_000230245.1	library/GCA_000230245.1_ASM23024v1_genomic.decontaminated.fna.gz
GCA_000230595.3	library/GCA_000230595.3_Edha_aedis_V4b_genomic.decontaminated.fna.gz
GCA_000230625.1	library/GCA_000230625.1_Exop_derm_V1_genomic.decontaminated.fna.gz
GCA_000231115.1	library/GCA_000231115.1_Vitt_corn_V1_genomic.decontaminated.fna.gz
GCA_000234665.4	library/GCA_000234665.4_ASM23466v4_genomic.decontaminated.fna.gz
GCA_000237925.5	library/GCA_000237925.5_SM_V9_genomic.decontaminated.fna.gz
GCA_000247585.2	library/GCA_000247585.2_PP_INRA-310_V2_genomic.decontaminated.fna.gz
GCA_000250695.1	library/GCA_000250695.1_Nema_parisii_ERTm2_V1_genomic.decontaminated.fna.gz
GCA_000250985.1	library/GCA_000250985.1_Nema_parisii_ERTm1_V3_genomic.decontaminated.fna.gz
GCA_000258005.2	library/GCA_000258005.2_HHA1_v02_genomic.decontaminated.fna.gz
GCA_000271645.1	library/GCA_000271645.1_Treme1_genomic.decontaminated.fna.gz
GCA_000277815.3	library/GCA_000277815.3_ASM27781v3_genomic.decontaminated.fna.gz
GCA_000280035.2	library/GCA_000280035.2.clean.fasta.gz
GCA_000281045.1	library/GCA_000281045.1_Sap_diclina_VS20_V1_genomic.decontaminated.fna.gz
GCA_000293215.1	library/GCA_000293215.1_Trichosporon_asahii_1_genomic.decontaminated.fna.gz
GCA_000302655.1	library/GCA_000302655.1_MphMS6_1.0_genomic.decontaminated.fna.gz
GCA_000312925.2	library/GCA_000312925.2_ASM31292v2_genomic.decontaminated.fna.gz
GCA_000313135.1	library/GCA_000313135.1_Acastellanii.strNEFF_v1_genomic.decontaminated.fna.gz
GCA_000316135.1	library/GCA_000316135.1.clean.fasta.gz
GCA_000328475.2	library/GCA_000328475.2_Umaydis521_2.0_genomic.decontaminated.fna.gz
GCA_000330505.1	library/GCA_000330505.1_EIA2_v2_genomic.decontaminated.fna.gz
GCA_000331325.2	library/GCA_000331325.2_Crithidia_fasciculata-14.0_genomic.decontaminated.fna.gz
GCA_000333855.2	library/GCA_000333855.2_Endotrypanum_monterogeii-LV88-1.0.3_genomic.decontaminated.fna.gz
GCA_000333975.2	library/GCA_000333975.2_ASM33397v2_genomic.decontaminated.fna.gz
GCA_000340495.1	library/GCA_000340495.1_Leishmania_panamensis_L13-1.3.1_genomic.decontaminated.fna.gz
GCA_000341325.1	library/GCA_000341325.1_Pred3_genomic.decontaminated.fna.gz
GCA_000342415.1	library/GCA_000342415.1_JCVI-bewag-v1.1_genomic.decontaminated.fna.gz
GCA_000347355.1	library/GCA_000347355.1_ASM34735v1_genomic.decontaminated.fna.gz
GCA_000350365.1	library/GCA_000350365.1_Foc4_1.0_genomic.decontaminated.fna.gz
GCA_000365145.2	library/GCA_000365145.2.clean.fasta.gz
GCA_000383075.1	library/GCA_000383075.1_NosBomCQ1_v1.0_genomic.decontaminated.fna.gz
GCA_000385855.2	library/GCA_000385855.2_Annc_alge_PRA109_V4_genomic.decontaminated.fna.gz
GCA_000387425.2	library/GCA_000387425.2_pir_scaffolds_v1_genomic.decontaminated.fna.gz
GCA_000387445.2	library/GCA_000387445.2_pag1_scaffolds_v1_genomic.decontaminated.fna.gz
GCA_000387465.2	library/GCA_000387465.2_piw_scaffolds_v1_genomic.decontaminated.fna.gz
GCA_000387505.2	library/GCA_000387505.2_par_scaffolds_v1_genomic.decontaminated.fna.gz
GCA_000387545.2	library/GCA_000387545.2_pve_scaffolds_v1_genomic.decontaminated.fna.gz
GCA_000400815.2	library/GCA_000400815.2_VDAG_JR2v.4.0_genomic.decontaminated.fna.gz
GCA_000401635.1	library/GCA_000401635.1_Muco_sp_1006Ph_V1_genomic.decontaminated.fna.gz
GCA_000409445.2	library/GCA_000409445.2_Leishmania_MAR_LEM2494-1.0.3_genomic.decontaminated.fna.gz
GCA_000410695.2	library/GCA_000410695.2_Leishmania_arabica_LEM1108-1.0.3_genomic.decontaminated.fna.gz
GCA_000410715.1	library/GCA_000410715.1_Leishmania_tropica_L590-2.0.2_genomic.decontaminated.fna.gz
GCA_000410735.1	library/GCA_000410735.1_Opiceae_UAMHv01_genomic.decontaminated.fna.gz
GCA_000410755.2	library/GCA_000410755.2_Leishmania_enrietti_LEM3045-1.0.2_genomic.decontaminated.fna.gz
GCA_000430065.1	library/GCA_000430065.1.clean.fasta.gz
GCA_000438535.1	library/GCA_000438535.1_LeiAma1.0_genomic.decontaminated.fna.gz
GCA_000439145.3	library/GCA_000439145.3_ASM43914v3_genomic.decontaminated.fna.gz
GCA_000441995.1	library/GCA_000441995.1_Leishmania_turanica_LEM423-1.0.2_genomic.decontaminated.fna.gz
GCA_000443025.1	library/GCA_000443025.1_Leishmania_gerbilii_LEM452-1.0.2_genomic.decontaminated.fna.gz
GCA_000444285.2	library/GCA_000444285.2_Leishmania_aethiopica-L147-2.0.3_genomic.decontaminated.fna.gz
GCA_000447185.1	library/GCA_000447185.1_NapisBRLv01_genomic.decontaminated.fna.gz
GCA_000469685.2	library/GCA_000469685.2_haemonchus_contortus_MHCO3ISE_4.0_genomic.decontaminated.fna.gz
GCA_000469725.3	library/GCA_000469725.3_EMULTI002_genomic.decontaminated.fna.gz
GCA_000469805.3	library/GCA_000469805.3_HMN_v3_genomic.decontaminated.fna.gz
GCA_000492115.1	library/GCA_000492115.1.clean.fasta.gz
GCA_000497125.2	library/GCA_000497125.2_ASM49712v2_genomic.decontaminated.fna.gz
GCA_000499385.1	library/GCA_000499385.1_ENH001_genomic.decontaminated.fna.gz
GCA_000499405.2	library/GCA_000499405.2_ASM49940v2_genomic.decontaminated.fna.gz
GCA_000499425.1	library/GCA_000499425.1_EAH001_genomic.decontaminated.fna.gz
GCA_000499445.1	library/GCA_000499445.1_EPH001_genomic.decontaminated.fna.gz
GCA_000499605.1	library/GCA_000499605.1_EMW001_genomic.decontaminated.fna.gz
GCA_000499725.1	library/GCA_000499725.1_EBH001_genomic.decontaminated.fna.gz
GCA_000499745.2	library/GCA_000499745.2_EMH001_genomic.decontaminated.fna.gz
GCA_000505645.1	library/GCA_000505645.1_S_monti_v1_genomic.decontaminated.fna.gz
GCA_000507425.3	library/GCA_000507425.3_Cryp_heve_CBS569_V2_genomic.decontaminated.fna.gz
GCA_000507465.3	library/GCA_000507465.3_Kwon_mang_CBS8507_V2_genomic.decontaminated.fna.gz
GCA_000512565.2	library/GCA_000512565.2.clean.fasta.gz
GCA_000512585.2	library/GCA_000512585.2.clean.fasta.gz
GCA_000520075.1	library/GCA_000520075.1_Apha_asta_APO3_V1_genomic.decontaminated.fna.gz
GCA_000520115.1	library/GCA_000520115.1_Apha_inva_NJM9701_V1_genomic.decontaminated.fna.gz
GCA_000524495.1	library/GCA_000524495.1_Plas_inui_San_Antonio_1_V1_genomic.decontaminated.fna.gz
GCA_000585535.1	library/GCA_000585535.1_Clad_psam_CBS_110553_V1_genomic.decontaminated.fna.gz
GCA_000612645.2	library/GCA_000612645.2_T_muris_v2_genomic.decontaminated.fna.gz
GCA_000613005.1	library/GCA_000613005.1_TTRE2.1_genomic.decontaminated.fna.gz
GCA_000688135.1	library/GCA_000688135.1_Acey_2013.11.30.genDNA_genomic.decontaminated.fna.gz
GCA_000691245.1	library/GCA_000691245.1_Tgr_V1_genomic.decontaminated.fna.gz
GCA_000691945.2	library/GCA_000691945.2_ASM69194v2_genomic.decontaminated.fna.gz
GCA_000697685.1	library/GCA_000697685.1_PleosPC15_2_genomic.decontaminated.fna.gz
GCA_000709125.1	library/GCA_000709125.1_Exop_aqua_CBS_119918_V1_genomic.decontaminated.fna.gz
GCA_000715275.1	library/GCA_000715275.1_Gsalaris_v1_genomic.decontaminated.fna.gz
GCA_000723445.1	library/GCA_000723445.1_BBBOND_0001_genomic.decontaminated.fna.gz
GCA_000723665.1	library/GCA_000723665.1_454Minimus_genomic.decontaminated.fna.gz
GCA_000723685.1	library/GCA_000723685.1_PREICH001_genomic.decontaminated.fna.gz
GCA_000727475.1	library/GCA_000727475.1_ASM72747v1_genomic.decontaminated.fna.gz
GCA_000732125.1	library/GCA_000732125.1_ScApio1.0_genomic.decontaminated.fna.gz
GCA_000732565.1	library/GCA_000732565.1_S40293v1_genomic.decontaminated.fna.gz
GCA_000740895.1	library/GCA_000740895.1_ASM74089v1_genomic.decontaminated.fna.gz
GCA_000757645.3	library/GCA_000757645.3_ASM75764v3_genomic.decontaminated.fna.gz
GCA_000757745.1	library/GCA_000757745.1_S_scapt_v1_genomic.decontaminated.fna.gz
GCA_000757755.1	library/GCA_000757755.1_S_glas_v1_genomic.decontaminated.fna.gz
GCA_000760515.2	library/GCA_000760515.2_UGP1.1_genomic.decontaminated.fna.gz
GCA_000769155.2	library/GCA_000769155.2_ASM76915v2_genomic.decontaminated.fna.gz
GCA_000797535.1	library/GCA_000797535.1_T_suis_1.0.allpaths_genomic.decontaminated.fna.gz
GCA_000797555.1	library/GCA_000797555.1_O_dentatum_10.0.ec.cg.pg_genomic.decontaminated.fna.gz
GCA_000803265.1	library/GCA_000803265.1_ASM80326v1_genomic.decontaminated.fna.gz
GCA_000803305.1	library/GCA_000803305.1_Toxocara_canis_adult_r1.0_genomic.decontaminated.fna.gz
GCA_000814975.1	library/GCA_000814975.1_MAN_1.0_genomic.decontaminated.fna.gz
GCA_000816705.1	library/GCA_000816705.1_D_viviparus_9.2.1.ec.pg_genomic.decontaminated.fna.gz
GCA_000816745.1	library/GCA_000816745.1_A_duodenale_2.2.ec.cg.pg_genomic.decontaminated.fna.gz
GCA_000820605.1	library/GCA_000820605.1_S_brasiliensis_5110_v1_genomic.decontaminated.fna.gz
GCA_000826245.1	library/GCA_000826245.1_Acanthamoeba_astronyxis_genomic.decontaminated.fna.gz
GCA_000826265.1	library/GCA_000826265.1_Acanthamoeba_culbertsoni_genome_assembly_genomic.decontaminated.fna.gz
GCA_000826285.1	library/GCA_000826285.1_Acanthamoeba_lenticulata_genomic.decontaminated.fna.gz
GCA_000826305.1	library/GCA_000826305.1_Acanthamoeba_healyi_genomic.decontaminated.fna.gz
GCA_000826325.1	library/GCA_000826325.1_Acanthamoeba_palestinensis_genomic.decontaminated.fna.gz
GCA_000826385.1	library/GCA_000826385.1_Acanthamoeba_rhysodes_genomic.decontaminated.fna.gz
GCA_000826425.1	library/GCA_000826425.1_Acanthamoeba_lugdunensis_genomic.decontaminated.fna.gz
GCA_000826445.1	library/GCA_000826445.1_Acanthamoeba_quina_genomic.decontaminated.fna.gz
GCA_000826465.1	library/GCA_000826465.1_Acanthamoeba_mauritaniensis_genomic.decontaminated.fna.gz
GCA_000826505.1	library/GCA_000826505.1_Acanthamoeba_pearcei_genomic.decontaminated.fna.gz
GCA_000831705.1	library/GCA_000831705.1_ASM83170v1_genomic.decontaminated.fna.gz
GCA_000835455.1	library/GCA_000835455.1_Fons_pedr_CBS_271_37_V1_genomic.decontaminated.fna.gz
GCA_000835475.1	library/GCA_000835475.1_Clad_bant_CBS_173_52_V1_genomic.decontaminated.fna.gz
GCA_000835495.1	library/GCA_000835495.1_Clad_immu_CBS83496_V1_genomic.decontaminated.fna.gz
GCA_000835515.1	library/GCA_000835515.1_Exop_olig_CBS72588_V1_genomic.decontaminated.fna.gz
GCA_000835555.1	library/GCA_000835555.1.clean.fasta.gz
GCA_000836115.1	library/GCA_000836115.1_Exop_spin_CBS89968_V1_genomic.decontaminated.fna.gz
GCA_000836275.1	library/GCA_000836275.1_Exop_meso_CBS40295_V1_genomic.decontaminated.fna.gz
GCA_000836295.1	library/GCA_000836295.1_O_gall_CBS43764_genomic.decontaminated.fna.gz
GCA_000934875.1	library/GCA_000934875.1_ASM93487v1_genomic.decontaminated.fna.gz
GCA_000941615.1	library/GCA_000941615.1_P_trichosuri_KNP_genomic.decontaminated.fna.gz
GCA_000944355.1	library/GCA_000944355.1_Rhabditophanes_sp_KR3021_genomic.decontaminated.fna.gz
GCA_000947215.1	library/GCA_000947215.1_S_stercoralis_PV0001_genomic.decontaminated.fna.gz
GCA_000950515.2	library/GCA_000950515.2_O_ochengi_Ngaoundere_genomic.decontaminated.fna.gz
GCA_000956335.1	library/GCA_000956335.1_Plas_frag_nilgiri_V1_genomic.decontaminated.fna.gz
GCA_000961545.1	library/GCA_000961545.1_S_schenckii_v1_genomic.decontaminated.fna.gz
GCA_000963415.1	library/GCA_000963415.1_ASM96341v1_genomic.decontaminated.fna.gz
GCA_000963465.1	library/GCA_000963465.1_ASM96346v1_genomic.decontaminated.fna.gz
GCA_000981365.1	library/GCA_000981365.1_SAMX_assembly_v0.8_genomic.decontaminated.fna.gz
GCA_001026735.1	library/GCA_001026735.1_RREN1.0_genomic.decontaminated.fna.gz
GCA_001028725.1	library/GCA_001028725.1_S_venezuelensis_HH1_genomic.decontaminated.fna.gz
GCA_001029375.2	library/GCA_001029375.2_Pythium_PINS_2.0_genomic.decontaminated.fna.gz
GCA_001039655.1	library/GCA_001039655.1_nRc.2.0_genomic.decontaminated.fna.gz
GCA_001179505.1	library/GCA_001179505.1_Vbrassicaformis_genomic.decontaminated.fna.gz
GCA_001263375.1	library/GCA_001263375.1_ASM126337v1_genomic.decontaminated.fna.gz
GCA_001293395.1	library/GCA_001293395.1_ASM129339v1_genomic.decontaminated.fna.gz
GCA_001299535.1	library/GCA_001299535.1_ASM129953v1_genomic.decontaminated.fna.gz
GCA_001430925.1	library/GCA_001430925.1_ASM143092v1_genomic.decontaminated.fna.gz
GCA_001430935.1	library/GCA_001430935.1_ASM143093v1_genomic.decontaminated.fna.gz
GCA_001430945.1	library/GCA_001430945.1_ASM143094v1_genomic.decontaminated.fna.gz
GCA_001430955.1	library/GCA_001430955.1_ASM143095v1_genomic.decontaminated.fna.gz
GCA_001432165.1	library/GCA_001432165.1.clean.fasta.gz
GCA_001444555.1	library/GCA_001444555.1_ASM144455v1_genomic.decontaminated.fna.gz
GCA_001445615.2	library/GCA_001445615.2_Alt_assembly01_genomic.decontaminated.fna.gz
GCA_001447435.1	library/GCA_001447435.1_T6_ISS34_r1.0_genomic.decontaminated.fna.gz
GCA_001447455.1	library/GCA_001447455.1_T7_ISS37_r1.0_genomic.decontaminated.fna.gz
GCA_001447505.1	library/GCA_001447505.1_T9_ISS409_r1.0_genomic.decontaminated.fna.gz
GCA_001447565.2	library/GCA_001447565.2_T2_ISS10_r1.1_genomic.decontaminated.fna.gz
GCA_001447585.1	library/GCA_001447585.1_T3_ISS120_r1.0_genomic.decontaminated.fna.gz
GCA_001447595.1	library/GCA_001447595.1_T1_ISS3_r1.0_genomic.decontaminated.fna.gz
GCA_001447645.1	library/GCA_001447645.1_T4_ISS176_r1.0_genomic.decontaminated.fna.gz
GCA_001447655.1	library/GCA_001447655.1_T12_ISS2496_r1.0_genomic.decontaminated.fna.gz
GCA_001447665.1	library/GCA_001447665.1_T11_ISS1029_r1.0_genomic.decontaminated.fna.gz
GCA_001447745.1	library/GCA_001447745.1_T8_ISS272_r1.0_genomic.decontaminated.fna.gz
GCA_001447755.1	library/GCA_001447755.1_T10_ISS1980_r1.0_genomic.decontaminated.fna.gz
GCA_001447935.2	library/GCA_001447935.2_debFab1.1_genomic.decontaminated.fna.gz
GCA_001457755.2	library/GCA_001457755.2_Trypanosoma_equiperdum_OVI_V2_genomic.decontaminated.fna.gz
GCA_001460835.1	library/GCA_001460835.1_BSAL_genomic.decontaminated.fna.gz
GCA_001513535.1	library/GCA_001513535.1_ASM151353v1_genomic.decontaminated.fna.gz
GCA_001593445.1	library/GCA_001593445.1_CryMelUKMEL1-1.0_genomic.decontaminated.fna.gz
GCA_001593455.1	library/GCA_001593455.1_CryBaiTAMU-09Q1-1.0_genomic.decontaminated.fna.gz
GCA_001598995.1	library/GCA_001598995.1_JCM_9937_assembly_v001_genomic.decontaminated.fna.gz
GCA_001599035.1	library/GCA_001599035.1_JCM_9410_assembly_v001_genomic.decontaminated.fna.gz
GCA_001602025.1	library/GCA_001602025.1_ASM160202v1_genomic.decontaminated.fna.gz
GCA_001625125.1	library/GCA_001625125.1_ASM162512v1_genomic.decontaminated.fna.gz
GCA_001636715.1	library/GCA_001636715.1_AAP_1.0_genomic.decontaminated.fna.gz
GCA_001638945.1	library/GCA_001638945.1_Mucci2_genomic.decontaminated.fna.gz
GCA_001638985.2	library/GCA_001638985.2_Phybl2_genomic.decontaminated.fna.gz
GCA_001642055.1	library/GCA_001642055.1_Altal1_genomic.decontaminated.fna.gz
GCA_001642395.1	library/GCA_001642395.1_ASM164239v1_genomic.decontaminated.fna.gz
GCA_001642415.1	library/GCA_001642415.1_ASM164241v1_genomic.decontaminated.fna.gz
GCA_001643675.2	library/GCA_001643675.2_ASM164367v2_genomic.decontaminated.fna.gz
GCA_001660665.1	library/GCA_001660665.1_Emmo_afri_EA111_genomic.decontaminated.fna.gz
GCA_001680005.1	library/GCA_001680005.1_ASM168000v1_genomic.decontaminated.fna.gz
GCA_001692895.1	library/GCA_001692895.1_Cenococcum_geophilum_1.58_v2.0_genomic.decontaminated.fna.gz
GCA_001693035.2	library/GCA_001693035.2_Taenia_asiatica_TASYD01_v1_genomic.decontaminated.fna.gz
GCA_001693075.2	library/GCA_001693075.2_ASM169307v2_genomic.decontaminated.fna.gz
GCA_001700775.1	library/GCA_001700775.1_ASM170077v1_genomic.decontaminated.fna.gz
GCA_001717485.1	library/GCA_001717485.1_ASM171748v1_genomic.decontaminated.fna.gz
GCA_001723225.1	library/GCA_001723225.1_ASM172322v1_genomic.decontaminated.fna.gz
GCA_001747055.1	library/GCA_001747055.1_ASM174705v1_genomic.decontaminated.fna.gz
GCA_001839685.1	library/GCA_001839685.1_ASM183968v1_genomic.decontaminated.fna.gz
GCA_001857865.1	library/GCA_001857865.1_ASM185786v1_genomic.decontaminated.fna.gz
GCA_001865345.1	library/GCA_001865345.1_ASM186534v1_genomic.decontaminated.fna.gz
GCA_001865355.1	library/GCA_001865355.1_ASM186535v1_genomic.decontaminated.fna.gz
GCA_001870725.1	library/GCA_001870725.1_MEX_genome_complete.1-6-13_genomic.decontaminated.fna.gz
GCA_001875675.1	library/GCA_001875675.1_ASM187567v1_genomic.decontaminated.fna.gz
GCA_001883805.1	library/GCA_001883805.1_Blas_perc_EI222_V1_genomic.decontaminated.fna.gz
GCA_001883825.1	library/GCA_001883825.1_Emmo_past_UAMH9510_V1_genomic.decontaminated.fna.gz
GCA_001889945.1	library/GCA_001889945.1_Aspbr1_genomic.decontaminated.fna.gz
GCA_001890105.1	library/GCA_001890105.1_Aspzo1_genomic.decontaminated.fna.gz
GCA_001890125.1	library/GCA_001890125.1_Aspve1_genomic.decontaminated.fna.gz
GCA_001890685.1	library/GCA_001890685.1_Aspfo1_genomic.decontaminated.fna.gz
GCA_001890705.1	library/GCA_001890705.1_Aspsy1_genomic.decontaminated.fna.gz
GCA_001890725.1	library/GCA_001890725.1_Aspwe1_genomic.decontaminated.fna.gz
GCA_001890745.1	library/GCA_001890745.1_Asptu1_genomic.decontaminated.fna.gz
GCA_001890805.1	library/GCA_001890805.1_Aspgl1_genomic.decontaminated.fna.gz
GCA_001890905.1	library/GCA_001890905.1_Aspac1_genomic.decontaminated.fna.gz
GCA_001923025.3	library/GCA_001923025.3_ASM192302v3_genomic.decontaminated.fna.gz
GCA_001938485.1	library/GCA_001938485.1_gtig.1_genomic.decontaminated.fna.gz
GCA_001938525.1	library/GCA_001938525.1_Djap_assembly_v1_genomic.decontaminated.fna.gz
GCA_001983305.1	library/GCA_001983305.1_ASM198330v1_genomic.decontaminated.fna.gz
GCA_001990825.1	library/GCA_001990825.1_Aspca3_genomic.decontaminated.fna.gz
GCA_002006685.2	library/GCA_002006685.2_Batr_sala_V2_genomic.decontaminated.fna.gz
GCA_002079055.1	library/GCA_002079055.1_ASM207905v1_genomic.decontaminated.fna.gz
GCA_002081675.1	library/GCA_002081675.1_ASM208167v1_genomic.decontaminated.fna.gz
GCA_002083745.1	library/GCA_002083745.1_Rhimi_ATCC52814_1_genomic.decontaminated.fna.gz
GCA_002087225.1	library/GCA_002087225.1_Tth_v3_genomic.decontaminated.fna.gz
GCA_002087885.1	library/GCA_002087885.1.clean.fasta.gz
GCA_002087915.1	library/GCA_002087915.1_ASM208791v1_genomic.decontaminated.fna.gz
GCA_002095265.1	library/GCA_002095265.1_B_xinjiang1.0_genomic.decontaminated.fna.gz
GCA_002110485.1	library/GCA_002110485.1_ASM211048v1_genomic.decontaminated.fna.gz
GCA_002127715.1	library/GCA_002127715.1_HwerPB1_genomic.decontaminated.fna.gz
GCA_002207785.1	library/GCA_002207785.1_ASM220778v1_genomic.decontaminated.fna.gz
GCA_002221485.1	library/GCA_002221485.1_ASM222148v1_genomic.decontaminated.fna.gz
GCA_002237265.2	library/GCA_002237265.2_ASM223726v2_genomic.decontaminated.fna.gz
GCA_002247145.1	library/GCA_002247145.1_Plurivora_assembly_v1.fn_genomic.decontaminated.fna.gz
GCA_002249935.1	library/GCA_002249935.1_O_flexuosa_1.0.allpaths.pg.lrna_genomic.decontaminated.fna.gz
GCA_002259215.1	library/GCA_002259215.1_ASM225921v1_genomic.decontaminated.fna.gz
GCA_002259235.2	library/GCA_002259235.2_ASM225923v2_genomic.decontaminated.fna.gz
GCA_002269645.1	library/GCA_002269645.1_Mlig_3_7_genomic.decontaminated.fna.gz
GCA_002271815.1	library/GCA_002271815.1_ASM227181v1_genomic.decontaminated.fna.gz
GCA_002276285.1	library/GCA_002276285.1_Lprolificans_pilon_genomic.decontaminated.fna.gz
GCA_002287525.1	library/GCA_002287525.1_DipSp1Ass11Ann3_genomic.decontaminated.fna.gz
GCA_002352805.1	library/GCA_002352805.1_T_circumcincta.14.0.ec.cg.pg_genomic.decontaminated.fna.gz
GCA_002563875.1	library/GCA_002563875.1_Bbes1.0_genomic.decontaminated.fna.gz
GCA_002600585.1	library/GCA_002600585.1_ASM260058v1_genomic.decontaminated.fna.gz
GCA_002749535.1	library/GCA_002749535.1_ASM274953v1_genomic.decontaminated.fna.gz
GCA_002759435.2	library/GCA_002759435.2_Cand_auris_B8441_V2_genomic.decontaminated.fna.gz
GCA_002796945.1	library/GCA_002796945.1_Psam_v1.0_genomic.decontaminated.fna.gz
GCA_002846915.2	library/GCA_002846915.2_Aspergillus_ochraceoroseus_IBT_24754_v1.1_genomic.decontaminated.fna.gz
GCA_002847465.1	library/GCA_002847465.1_Aspnov1_genomic.decontaminated.fna.gz
GCA_002847485.1	library/GCA_002847485.1_Aspcam1_genomic.decontaminated.fna.gz
GCA_002849105.1	library/GCA_002849105.1_Aspste1_genomic.decontaminated.fna.gz
GCA_002897235.1	library/GCA_002897235.1_Bovata_7.1_genomic.decontaminated.fna.gz
GCA_002911725.1	library/GCA_002911725.1_ASM291172v1_genomic.decontaminated.fna.gz
GCA_002914575.1	library/GCA_002914575.1_ASM291457v1_genomic.decontaminated.fna.gz
GCA_002920065.1	library/GCA_002920065.1_ASM292006v1_genomic.decontaminated.fna.gz
GCA_002921335.1	library/GCA_002921335.1_ASM292133v1_genomic.decontaminated.fna.gz
GCA_002926055.1	library/GCA_002926055.1_CanHae_1.0_genomic.decontaminated.fna.gz
GCA_002926085.1	library/GCA_002926085.1_CanDuoHae_v1.0_genomic.decontaminated.fna.gz
GCA_002954075.1	library/GCA_002954075.1_C._deuterogattii_R265_chr_genomic.decontaminated.fna.gz
GCA_003012265.1	library/GCA_003012265.1_Setequ3.0_genomic.decontaminated.fna.gz
GCA_003013735.1	library/GCA_003013735.1_Cand_pseudohaemulonii_B12108_genomic.decontaminated.fna.gz
GCA_003052745.1	library/GCA_003052745.1_Sp34_v7_genomic.decontaminated.fna.gz
GCA_003054445.1	library/GCA_003054445.1_ASM305444v1_genomic.decontaminated.fna.gz
GCA_003118255.1	library/GCA_003118255.1_ABySS_70bp_45k_152cov_v1_genomic.decontaminated.fna.gz
GCA_003184535.1	library/GCA_003184535.1_Aspeuc1_genomic.decontaminated.fna.gz
GCA_003184545.1	library/GCA_003184545.1_Asphet1_genomic.decontaminated.fna.gz
GCA_003184825.1	library/GCA_003184825.1_Aspfij1_genomic.decontaminated.fna.gz
GCA_003290485.1	library/GCA_003290485.1_ASM329048v1_genomic.decontaminated.fna.gz
GCA_003324165.2	library/GCA_003324165.2_Nlova_2.1_genomic.decontaminated.fna.gz
GCA_003336725.1	library/GCA_003336725.1_A_caninum_9.3.2.ec.cg.pg_genomic.decontaminated.fna.gz
GCA_003604175.2	library/GCA_003604175.2_CSKR.v2_genomic.decontaminated.fna.gz
GCA_003640385.1	library/GCA_003640385.1_ASM364038v1_genomic.decontaminated.fna.gz
GCA_003693605.1	library/GCA_003693605.1_ASM369360v1_genomic.decontaminated.fna.gz
GCA_003693625.1	library/GCA_003693625.1_ASM369362v1_genomic.decontaminated.fna.gz
GCA_003814445.1	library/GCA_003814445.1_ASM381444v1_genomic.decontaminated.fna.gz
GCA_003843895.1	library/GCA_003843895.1_ASM384389v1_genomic.decontaminated.fna.gz
GCA_004000055.1	library/GCA_004000055.1_DF_1.0_genomic.decontaminated.fna.gz
GCA_004000155.1	library/GCA_004000155.1.clean.fasta.gz
GCA_004026265.1	library/GCA_004026265.1_ASM402626v1_genomic.decontaminated.fna.gz
GCA_004125335.1	library/GCA_004125335.1_ASM412533v1_genomic.decontaminated.fna.gz
GCA_004148225.2	library/GCA_004148225.2_ASM414822v2_genomic.decontaminated.fna.gz
GCA_004194705.1	library/GCA_004194705.1_D.dipsaci.v1.0_genomic.decontaminated.fna.gz
GCA_004325045.1	library/GCA_004325045.1.clean.fasta.gz
GCA_004325065.1	library/GCA_004325065.1.clean.fasta.gz
GCA_004359215.2	library/GCA_004359215.2_BlacSF5v2_genomic.decontaminated.fna.gz
GCA_004785735.1	library/GCA_004785735.1_ASM478573v1_genomic.decontaminated.fna.gz
GCA_004794785.1	library/GCA_004794785.1_ICG_Ofel_1.0_genomic.decontaminated.fna.gz
GCA_004798825.1	library/GCA_004798825.1_ASM479882v1_genomic.decontaminated.fna.gz
GCA_004936735.2	library/GCA_004936735.2_CCh_genotype_I_genomic.decontaminated.fna.gz
GCA_005281725.1	library/GCA_005281725.1_ASM528172v1_genomic.decontaminated.fna.gz
GCA_005656395.1	library/GCA_005656395.1_S_papillosus_v1_genomic.decontaminated.fna.gz
GCA_006247105.1	library/GCA_006247105.1.clean.fasta.gz
GCA_006503575.1	library/GCA_006503575.1_ASM650357v1_genomic.decontaminated.fna.gz
GCA_006535955.1	library/GCA_006535955.1_ASM653595v1_genomic.decontaminated.fna.gz
GCA_007210665.1	library/GCA_007210665.1_Ctyz_UGA_55_genomic.decontaminated.fna.gz
GCA_007213375.1	library/GCA_007213375.1_S_feltiae_NW_1.0_genomic.decontaminated.fna.gz
GCA_007674295.1	library/GCA_007674295.1.clean.fasta.gz
GCA_008080495.1	library/GCA_008080495.1_ASM808049v1_genomic.decontaminated.fna.gz
GCA_008360955.1	library/GCA_008360955.1_F_buski_1.0.allpaths-lg_genomic.decontaminated.fna.gz
GCA_008508345.1	library/GCA_008508345.1_ASM850834v1_genomic.decontaminated.fna.gz
GCA_008704595.1	library/GCA_008704595.1_ASM870459v1_genomic.decontaminated.fna.gz
GCA_008704605.1	library/GCA_008704605.1_ASM870460v1_genomic.decontaminated.fna.gz
GCA_008728235.1	library/GCA_008728235.1_ASM872823v1_genomic.decontaminated.fna.gz
GCA_008729115.1	library/GCA_008729115.1_FGCZ_Drep_1.0_genomic.decontaminated.fna.gz
GCA_009176385.1	library/GCA_009176385.1_Asppar1_genomic.decontaminated.fna.gz
GCA_009193035.1	library/GCA_009193035.1_mephisto_omega_genomic.decontaminated.fna.gz
GCA_009650685.1	library/GCA_009650685.1_Cryp_gatt_MF34_genomic.decontaminated.fna.gz
GCA_009724625.1	library/GCA_009724625.1_UP_Dsir_3_genomic.decontaminated.fna.gz
GCA_009735665.1	library/GCA_009735665.1_ACgenome_NGS_v2_genomic.decontaminated.fna.gz
GCA_009761265.1	library/GCA_009761265.1_ASM976126v1_genomic.decontaminated.fna.gz
GCA_009768925.2	library/GCA_009768925.2_ASM976892v2_genomic.decontaminated.fna.gz
GCA_009792415.2	library/GCA_009792415.2_ASM979241v2_genomic.decontaminated.fna.gz
GCA_011764315.1	library/GCA_011764315.1_USDA_TrT13_1.0_genomic.decontaminated.fna.gz
GCA_012064415.1	library/GCA_012064415.1_ASM1206441v1_genomic.decontaminated.fna.gz
GCA_012070555.1	library/GCA_012070555.1_ASM1207055v1_genomic.decontaminated.fna.gz
GCA_013357305.1	library/GCA_013357305.1_ASM1335730v1_genomic.decontaminated.fna.gz
GCA_013365315.1	library/GCA_013365315.1_Lsig_MNHN_v1_genomic.decontaminated.fna.gz
GCA_013365325.1	library/GCA_013365325.1_Dcau_362YU_v1_genomic.decontaminated.fna.gz
GCA_013365335.1	library/GCA_013365335.1_Mhie_81YU_v1_genomic.decontaminated.fna.gz
GCA_013365365.1	library/GCA_013365365.1_Ctub_55YT_v1_genomic.decontaminated.fna.gz
GCA_013365375.1	library/GCA_013365375.1_Lbra_37PF_v1_genomic.decontaminated.fna.gz
GCA_013368495.1	library/GCA_013368495.1_P_heterotremus_1.0.allpaths.pg.lrna_genomic.decontaminated.fna.gz
GCA_013396185.1	library/GCA_013396185.1_ASM1339618v1_genomic.decontaminated.fna.gz
GCA_013407085.1	library/GCA_013407085.1_ASM1340708v1_genomic.decontaminated.fna.gz
GCA_013425905.1	library/GCA_013425905.1_ASM1342590v1_genomic.decontaminated.fna.gz
GCA_013433145.1	library/GCA_013433145.1_ASM1343314v1_genomic.decontaminated.fna.gz
GCA_013436035.1	library/GCA_013436035.1_ASM1343603v1_genomic.decontaminated.fna.gz
GCA_014132215.1	library/GCA_014132215.1_MINJ2_genomic.decontaminated.fna.gz
GCA_014183025.1	library/GCA_014183025.1_ASM1418302v1_genomic.decontaminated.fna.gz
GCA_014220965.1	library/GCA_014220965.1_P_kellicotti_1.0.allpaths.nc.pg.lrna_genomic.decontaminated.fna.gz
GCA_014338405.1	library/GCA_014338405.1_P_miyazaki_1.0.pg.lrna_genomic.decontaminated.fna.gz
GCA_014607475.1	library/GCA_014607475.1_ASM1460747v1_genomic.decontaminated.fna.gz
GCA_014773135.1	library/GCA_014773135.1_ASM1477313v1_genomic.decontaminated.fna.gz
GCA_014805365.1	library/GCA_014805365.1_ASM1480536v1_genomic.decontaminated.fna.gz
GCA_014805385.1	library/GCA_014805385.1_ASM1480538v1_genomic.decontaminated.fna.gz
GCA_014805405.1	library/GCA_014805405.1_ASM1480540v1_genomic.decontaminated.fna.gz
GCA_014805445.1	library/GCA_014805445.1_ASM1480544v1_genomic.decontaminated.fna.gz
GCA_014805555.1	library/GCA_014805555.1.clean.fasta.gz
GCA_014805705.1	library/GCA_014805705.1.clean.fasta.gz
GCA_014843625.1	library/GCA_014843625.1_ASM1484362v1_genomic.decontaminated.fna.gz
GCA_015183035.1	library/GCA_015183035.1_ASM1518303v1_genomic.decontaminated.fna.gz
GCA_015227635.1	library/GCA_015227635.1_ALgV5_genomic.decontaminated.fna.gz
GCA_015832245.1	library/GCA_015832245.1_ASM1583224v1_genomic.decontaminated.fna.gz
GCA_016255985.1	library/GCA_016255985.1_ASM1625598v1_genomic.decontaminated.fna.gz
GCA_016256075.1	library/GCA_016256075.1_ASM1625607v1_genomic.decontaminated.fna.gz
GCA_016432905.1	library/GCA_016432905.1_ASM1643290v1_genomic.decontaminated.fna.gz
GCA_016432935.1	library/GCA_016432935.1_ASM1643293v1_genomic.decontaminated.fna.gz
GCA_016433075.1	library/GCA_016433075.1_ASM1643307v1_genomic.decontaminated.fna.gz
GCA_016618375.1	library/GCA_016618375.1_Pcap_4.1_genomic.decontaminated.fna.gz
GCA_016648015.1	library/GCA_016648015.1_ASM1664801v1_genomic.decontaminated.fna.gz
GCA_016735795.1	library/GCA_016735795.1_Ctrp_NIC203_genomic.decontaminated.fna.gz
GCA_016801405.1	library/GCA_016801405.1_ASM1680140v1_genomic.decontaminated.fna.gz
GCA_017301755.1	library/GCA_017301755.1_ASM1730175v1_genomic.decontaminated.fna.gz
GCA_017311285.1	library/GCA_017311285.1_Pneumocystis_oryctolagi_MERGE_1.1_genomic.decontaminated.fna.gz
GCA_017562135.1	library/GCA_017562135.1_ASM1756213v1_genomic.decontaminated.fna.gz
GCA_017562155.1	library/GCA_017562155.1_RIKEN_MaA2-J_1.0_genomic.decontaminated.fna.gz
GCA_017591395.1	library/GCA_017591395.1_ASM1759139v1_genomic.decontaminated.fna.gz
GCA_017655625.1	library/GCA_017655625.1_BP57_genomic.decontaminated.fna.gz
GCA_017788925.1	library/GCA_017788925.1_ASM1778892v1_genomic.decontaminated.fna.gz
GCA_017916335.1	library/GCA_017916335.1_LU_Lori_1.0_genomic.decontaminated.fna.gz
GCA_017918215.1	library/GCA_017918215.1_LU_Lgha_1.0_genomic.decontaminated.fna.gz
GCA_017918225.1	library/GCA_017918225.1_LU_LNam_1.0_genomic.decontaminated.fna.gz
GCA_017918235.1	library/GCA_017918235.1_LU_Pher_1.0_genomic.decontaminated.fna.gz
GCA_018104335.1	library/GCA_018104335.1_GXU_FGig_PAC.1.0_genomic.decontaminated.fna.gz
GCA_018127085.1	library/GCA_018127085.1_P2C.v1.0_genomic.decontaminated.fna.gz
GCA_018350325.1	library/GCA_018350325.1_WUR_GloGros_L19_genomic.decontaminated.fna.gz
GCA_018398725.1	library/GCA_018398725.1_ASM1839872v1_genomic.decontaminated.fna.gz
GCA_018398765.1	library/GCA_018398765.1_ASM1839876v1_genomic.decontaminated.fna.gz
GCA_018806985.1	library/GCA_018806985.1_UZH_Avas_1.0_genomic.decontaminated.fna.gz
GCA_018905775.1	library/GCA_018905775.1_ASM1890577v1_genomic.decontaminated.fna.gz
GCA_019055375.1	library/GCA_019055375.1_ASM1905537v1_genomic.decontaminated.fna.gz
GCA_019097775.1	library/GCA_019097775.1_ASM1909777v1_genomic.decontaminated.fna.gz
GCA_019968955.1	library/GCA_019968955.1_MNHN_PgigA_v1_genomic.decontaminated.fna.gz
GCA_020186115.1	library/GCA_020186115.1.clean.fasta.gz
GCA_020283715.1	library/GCA_020283715.1_ASM2028371v1_genomic.decontaminated.fna.gz
GCA_020449905.1	library/GCA_020449905.1_D383_Gpal_1.0_genomic.decontaminated.fna.gz
GCA_020509355.1	library/GCA_020509355.1_ASM2050935v1_genomic.decontaminated.fna.gz
GCA_020740425.2	library/GCA_020740425.2_Hi_IARI_1.1_genomic.decontaminated.fna.gz
GCA_020875895.1	library/GCA_020875895.1_ASM2087589v1_genomic.decontaminated.fna.gz
GCA_021653875.1	library/GCA_021653875.1_ASM2165387v1_genomic.decontaminated.fna.gz
GCA_021821965.1	library/GCA_021821965.1_FI-F-10_v._1_genomic.decontaminated.fna.gz
GCA_022059095.1	library/GCA_022059095.1_T.mel.1_genomic.decontaminated.fna.gz
GCA_022343465.1	library/GCA_022343465.1_ASM2234346v1_genomic.decontaminated.fna.gz
GCA_022537955.1	library/GCA_022537955.1_g4wRepeats_chr_ref_UCLA_genomic.decontaminated.fna.gz
GCA_022814885.1	library/GCA_022814885.1_ASM2281488v1_genomic.decontaminated.fna.gz
GCA_022844705.1	library/GCA_022844705.1_ASM2284470v1_genomic.decontaminated.fna.gz
GCA_022845575.1	library/GCA_022845575.1_ASM2284557v1_genomic.decontaminated.fna.gz
GCA_023374025.1	library/GCA_023374025.1_Cam_Hsc_genome1.1_genomic.decontaminated.fna.gz
GCA_023375655.1	library/GCA_023375655.1_TcrWFU_genomic.decontaminated.fna.gz
GCA_023705535.1	library/GCA_023705535.1_Bovis.genome.20180530_genomic.decontaminated.fna.gz
GCA_023968675.1	library/GCA_023968675.1_ASM2396867v1_genomic.decontaminated.fna.gz
GCA_024305405.1	library/GCA_024305405.1_ICBAS_JMDir_1.0_genomic.decontaminated.fna.gz
GCA_024447195.1	library/GCA_024447195.1_LJ2414_genomic.decontaminated.fna.gz
GCA_024447205.1	library/GCA_024447205.1_LJ2406_genomic.decontaminated.fna.gz
GCA_024447215.1	library/GCA_024447215.1_LJ2400_genomic.decontaminated.fna.gz
GCA_024447225.1	library/GCA_024447225.1_LJ2284_genomic.decontaminated.fna.gz
GCA_024447235.1	library/GCA_024447235.1_LJ2285_genomic.decontaminated.fna.gz
GCA_024500135.1	library/GCA_024500135.1_ASM2450013v1_genomic.decontaminated.fna.gz
GCA_024678965.1	library/GCA_024678965.1_AAFC-BrLi-01_v2_genomic.decontaminated.fna.gz
GCA_024699845.1	library/GCA_024699845.1_Abicaudatus.removed.fna_genomic.decontaminated.fna.gz
GCA_024699855.1	library/GCA_024699855.1_AORT.removed.fna_genomic.decontaminated.fna.gz
GCA_024699865.1	library/GCA_024699865.1_Afujianensis.removed.fna_genomic.decontaminated.fna.gz
GCA_024862765.1	library/GCA_024862765.1_Bcaballi_D6B2_v1.0_genomic.decontaminated.fna.gz
GCA_025215515.1	library/GCA_025215515.1_ASM2521551v1_genomic.decontaminated.fna.gz
GCA_025436335.1	library/GCA_025436335.1_Ioz_Burmu_1.0_genomic.decontaminated.fna.gz
GCA_025449415.1	library/GCA_025449415.1_ASM2544941v1_genomic.decontaminated.fna.gz
GCA_025895645.1	library/GCA_025895645.1_RMIT_Cforst_1.0_genomic.decontaminated.fna.gz
GCA_026262505.1	library/GCA_026262505.1_NYU_TvagG3_2_genomic.decontaminated.fna.gz
GCA_027405815.1	library/GCA_027405815.1_ASM2740581v1_genomic.decontaminated.fna.gz
GCA_027406325.1	library/GCA_027406325.1_ASM2740632v1_genomic.decontaminated.fna.gz
GCA_027406405.1	library/GCA_027406405.1_ASM2740640v1_genomic.decontaminated.fna.gz
GCA_027406425.1	library/GCA_027406425.1.clean.fasta.gz
GCA_027406465.1	library/GCA_027406465.1.clean.fasta.gz
GCA_027920645.1	library/GCA_027920645.1_ASM2792064v1_genomic.decontaminated.fna.gz
GCA_028564675.1	library/GCA_028564675.1_Olupi_Ro2020_NM.1_genomic.decontaminated.fna.gz
GCA_028622995.1	library/GCA_028622995.1_DD_ASM_w20201014_genomic.decontaminated.fna.gz
GCA_028672205.1	library/GCA_028672205.1_ASM2867220v1_genomic.decontaminated.fna.gz
GCA_029231655.1	library/GCA_029231655.1_ASM2923165v1_genomic.decontaminated.fna.gz
GCA_029291075.1	library/GCA_029291075.1_E_nip_genomic.decontaminated.fna.gz
GCA_029299675.1	library/GCA_029299675.1_ASM2929967v1_genomic.decontaminated.fna.gz
GCA_029339935.1	library/GCA_029339935.1_ASM2933993v1_genomic.decontaminated.fna.gz
GCA_029876185.1	library/GCA_029876185.1_NEB_Moz_Venz_1_genomic.decontaminated.fna.gz
GCA_900002335.2	library/GCA_900002335.2_GCA_900002335_genomic.decontaminated.fna.gz
GCA_900002375.2	library/GCA_900002375.2_GCA_900002375_genomic.decontaminated.fna.gz
GCA_900002385.2	library/GCA_900002385.2_GCA_900002385_genomic.decontaminated.fna.gz
GCA_900004735.1	library/GCA_900004735.1_ECANG7_genomic.decontaminated.fna.gz
GCA_900005765.1	library/GCA_900005765.1_PRELSG_genomic.decontaminated.fna.gz
GCA_900005855.1	library/GCA_900005855.1_PGAL8A_genomic.decontaminated.fna.gz
GCA_900044065.1	library/GCA_900044065.1_Genome_assembly_version_1_genomic.decontaminated.fna.gz
GCA_900044135.1	library/GCA_900044135.1_GZPH1RResV1_genomic.decontaminated.fna.gz
GCA_900067095.1	library/GCA_900067095.1_F._proliferatum_ET1_version_1_genomic.decontaminated.fna.gz
GCA_900079805.1	library/GCA_900079805.1_Fusarium_fujikuroi_IMI58289_V2_genomic.decontaminated.fna.gz
GCA_900090035.2	library/GCA_900090035.2_PocGH01_genomic.decontaminated.fna.gz
GCA_900090045.1	library/GCA_900090045.1_PmUG01_genomic.decontaminated.fna.gz
GCA_900093555.2	library/GCA_900093555.2_GCA_900093555_genomic.decontaminated.fna.gz
GCA_900095595.1	library/GCA_900095595.1_PPRFG01_genomic.decontaminated.fna.gz
GCA_900097015.1	library/GCA_900097015.1_PADLG01_genomic.decontaminated.fna.gz
GCA_900097035.1	library/GCA_900097035.1_PBLACG01_genomic.decontaminated.fna.gz
GCA_900119595.1	library/GCA_900119595.1_version_1_genomic.decontaminated.fna.gz
GCA_900149145.1	library/GCA_900149145.1_Msy_ATCC_42132_Feb2016_genomic.decontaminated.fna.gz
GCA_900180395.1	library/GCA_900180395.1_PcyM_genomic.decontaminated.fna.gz
GCA_900200055.1	library/GCA_900200055.1_NbL5_MIMR_Canu1.5_genomic.decontaminated.fna.gz
GCA_900231805.1	library/GCA_900231805.1.clean.fasta.gz
GCA_900257145.2	library/GCA_900257145.2_Plasmodium_billcollinsi_genomic.decontaminated.fna.gz
GCA_900290415.1	library/GCA_900290415.1_version1_genomic.decontaminated.fna.gz
GCA_900302435.1	library/GCA_900302435.1_Fasciola_10x_pilon_genomic.decontaminated.fna.gz
GCA_900406225.1	library/GCA_900406225.1_v1_genomic.decontaminated.fna.gz
GCA_900490705.1	library/GCA_900490705.1_P._arcanus_genome_genomic.decontaminated.fna.gz
GCA_900490775.1	library/GCA_900490775.1_Prisstionchus_maxplancki_genome_genomic.decontaminated.fna.gz
GCA_900490825.1	library/GCA_900490825.1_P._entomophagus_genome_genomic.decontaminated.fna.gz
GCA_900490845.1	library/GCA_900490845.1_Pristionchus_japonicus_genome_genomic.decontaminated.fna.gz
GCA_900490875.1	library/GCA_900490875.1_Pristionchus_mayeri_genome_genomic.decontaminated.fna.gz
GCA_900490895.1	library/GCA_900490895.1_Pristionchus_fissidentatus_genome_genomic.decontaminated.fna.gz
GCA_900490955.1	library/GCA_900490955.1_Micoletzkya_japonica_genome_genomic.decontaminated.fna.gz
GCA_900491785.1	library/GCA_900491785.1_S_ludwigii_v1_genomic.decontaminated.fna.gz
GCA_900500625.2	library/GCA_900500625.2_LINF_genomic.decontaminated.fna.gz
GCA_900519115.1	library/GCA_900519115.1_Bgt_genome_v3.16_genomic.decontaminated.fna.gz
GCA_900536235.3	library/GCA_900536235.3_CPARV_v1_genomic.decontaminated.fna.gz
GCA_900536285.3	library/GCA_900536285.3_CZANZ_v1_genomic.decontaminated.fna.gz
GCA_900536295.3	library/GCA_900536295.3_CUTEL_v1_genomic.decontaminated.fna.gz
GCA_900536305.3	library/GCA_900536305.3_CTRIB_v1_genomic.decontaminated.fna.gz
GCA_900536315.3	library/GCA_900536315.3_CBECE_v1_genomic.decontaminated.fna.gz
GCA_900536325.3	library/GCA_900536325.3_CSULS_v1_genomic.decontaminated.fna.gz
GCA_900536345.3	library/GCA_900536345.3_CWAIT_v1_genomic.decontaminated.fna.gz
GCA_900536415.3	library/GCA_900536415.3_CQUIO_v1_genomic.decontaminated.fna.gz
GCA_900537255.1	library/GCA_900537255.1_ASM90053725v1_genomic.decontaminated.fna.gz
GCA_900576705.1	library/GCA_900576705.1_E_vermicularis_Canary_Islands_upd_genomic.decontaminated.fna.gz
GCA_900604375.1	library/GCA_900604375.1_M_corti_Specht_Voge_0011_upd_genomic.decontaminated.fna.gz
GCA_900617775.1	library/GCA_900617775.1_D_latum_Geneva_0011_upd_genomic.decontaminated.fna.gz
GCA_900617795.1	library/GCA_900617795.1_P_xenopodis_South_Africa_001_upd_genomic.decontaminated.fna.gz
GCA_900617895.1	library/GCA_900617895.1_H_placei_MHpl1_0011_upd_genomic.decontaminated.fna.gz
GCA_900617915.1	library/GCA_900617915.1_G_pulchrum_Hokkaido_0011_upd_genomic.decontaminated.fna.gz
GCA_900617965.1	library/GCA_900617965.1_C_goldi_Cheshire_0011_genomic.decontaminated.fna.gz
GCA_900617975.1	library/GCA_900617975.1_H_nana_Japan_0011_upd_genomic.decontaminated.fna.gz
GCA_900617985.1	library/GCA_900617985.1_A_simplex_0011_upd_genomic.decontaminated.fna.gz
GCA_900618025.1	library/GCA_900618025.1_B_timori_Indonesia_v1_0_4_001_upd_genomic.decontaminated.fna.gz
GCA_900618365.1	library/GCA_900618365.1_T_callipaeda_Ticino_0011_upd_genomic.decontaminated.fna.gz
GCA_900618415.1	library/GCA_900618415.1_S_baturini_Dall_Island_0011_upd_genomic.decontaminated.fna.gz
GCA_900618425.1	library/GCA_900618425.1_E_caproni_Egypt_0011_upd_genomic.decontaminated.fna.gz
GCA_900622495.1	library/GCA_900622495.1_H_taeniaeformis_Canary_Islands_0011_upd_genomic.decontaminated.fna.gz
GCA_900624965.1	library/GCA_900624965.1_S_vulgaris_Kentucky_0011_upd_genomic.decontaminated.fna.gz
GCA_900624975.1	library/GCA_900624975.1_A_costaricensis_Costa_Rica_0011_upd_genomic.decontaminated.fna.gz
GCA_900625125.1	library/GCA_900625125.1_D_medinensis_Ghana_0011_upd_genomic.decontaminated.fna.gz
GCA_900631915.1	library/GCA_900631915.1_M.Belari_Hybrid_genome_genomic.decontaminated.fna.gz
GCA_900681995.1	library/GCA_900681995.1_PVVCY_v1_genomic.decontaminated.fna.gz
GCA_900683695.1	library/GCA_900683695.1_ASM90068369v1_genomic.decontaminated.fna.gz
GCA_900708905.1	library/GCA_900708905.1_H._diminuta_assembly_from_ERS3052629-ERS3052634_genomic.decontaminated.fna.gz
GCA_900883565.2	library/GCA_900883565.2_CPANA_v1_genomic.decontaminated.fna.gz
GCA_901765185.1	library/GCA_901765185.1_JU765_v2_genomic.decontaminated.fna.gz
GCA_901765195.1	library/GCA_901765195.1_PS1159_v2_genomic.decontaminated.fna.gz
GCA_901766145.1	library/GCA_901766145.1_PSU_v2_genomic.decontaminated.fna.gz
GCA_901766855.1	library/GCA_901766855.1_ES5_v2_genomic.decontaminated.fna.gz
GCA_901779475.1	library/GCA_901779475.1_PDA_v2_genomic.decontaminated.fna.gz
GCA_901779485.1	library/GCA_901779485.1_PS1579_v2_genomic.decontaminated.fna.gz
GCA_902459845.2	library/GCA_902459845.2_HEP1_genomic.decontaminated.fna.gz
GCA_902651635.1	library/GCA_902651635.1_mastiga_genome_v5.1_genomic.decontaminated.fna.gz
GCA_902702955.1	library/GCA_902702955.1_SprV_v2_2_genomic.decontaminated.fna.gz
GCA_902702965.1	library/GCA_902702965.1_SerJ_v2_0_genomic.decontaminated.fna.gz
GCA_902706615.1	library/GCA_902706615.1_V13_genomic.decontaminated.fna.gz
GCA_902829315.1	library/GCA_902829315.1_CBOVIS_v1.1_genomic.decontaminated.fna.gz
GCA_903994135.1	library/GCA_903994135.1_Meloidogyne_enterolobii_genome_assembly_genomic.decontaminated.fna.gz
GCA_903995115.1	library/GCA_903995115.1_Adeanei_nanopore_chromosomes_genomic.decontaminated.fna.gz
GCA_904066225.2	library/GCA_904066225.2_BOKJv2_genomic.decontaminated.fna.gz
GCA_904066235.2	library/GCA_904066235.2_BXYJv5_genomic.decontaminated.fna.gz
GCA_904845305.1	library/GCA_904845305.1_CAUJ_genomic.decontaminated.fna.gz
GCA_905310635.1	library/GCA_905310635.1_pEimTen1.1_genomic.decontaminated.fna.gz
GCA_907163375.1	library/GCA_907163375.1_PROCRO_GENOME_genomic.decontaminated.fna.gz
GCA_911812115.1	library/GCA_911812115.1_exspectatus_chromosome_genomic.decontaminated.fna.gz
GCA_916381525.1	library/GCA_916381525.1_SD210906_genomic.decontaminated.fna.gz
GCA_932521025.1	library/GCA_932521025.1_nxOscOnir1.1_genomic.decontaminated.fna.gz
GCA_932521035.1	library/GCA_932521035.1_nxOscDolc1.1_genomic.decontaminated.fna.gz
GCA_932521405.1	library/GCA_932521405.1_nxOscSpeu1.1_genomic.decontaminated.fna.gz
GCA_932521415.1	library/GCA_932521415.1_nxOscSper1.1_genomic.decontaminated.fna.gz
GCA_943334845.2	library/GCA_943334845.2_JU1783_megahit_v1_1_genomic.decontaminated.fna.gz
GCA_943737045.1	library/GCA_943737045.1_Parapristionchus_giblindavisi_II_pacbio_genomic.decontaminated.fna.gz
GCA_944470205.1	library/GCA_944470205.1_tdSchMarg1.1_genomic.decontaminated.fna.gz
GCA_944470365.1	library/GCA_944470365.1_tdSchInte1.1_genomic.decontaminated.fna.gz
GCA_944470375.1	library/GCA_944470375.1_tdSchGuin1.1_genomic.decontaminated.fna.gz
GCA_944470395.1	library/GCA_944470395.1_tdSchTurk1.1_genomic.decontaminated.fna.gz
GCA_944470405.1	library/GCA_944470405.1_tdSchMatt1.1_genomic.decontaminated.fna.gz
GCA_944470415.1	library/GCA_944470415.1_tdSchRodh1.1_genomic.decontaminated.fna.gz
GCA_944470425.1	library/GCA_944470425.1_tdSchBovi1.1_genomic.decontaminated.fna.gz
GCA_944470555.1	library/GCA_944470555.1_tdHetHame2.1_genomic.decontaminated.fna.gz
GCA_944472135.1	library/GCA_944472135.1_tdTriRege1.1_genomic.decontaminated.fna.gz
GCA_944472155.1	library/GCA_944472155.1_tdTriSzid1.1_genomic.decontaminated.fna.gz
GCA_944474145.1	library/GCA_944474145.1_tdDicDend1.1_genomic.decontaminated.fna.gz
GCA_944474815.1	library/GCA_944474815.1_tdSchCurr1.1_genomic.decontaminated.fna.gz
GCA_945643635.1	library/GCA_945643635.1_Allodiplogaster_sudhausi_assembly_II_genomic.decontaminated.fna.gz
GCA_946814055.1	library/GCA_946814055.1_CNIP_genomic.decontaminated.fna.gz
GCA_946903255.1	library/GCA_946903255.1_tdSchSpin1.1b_genomic.decontaminated.fna.gz
GCA_947359475.1	library/GCA_947359475.1_nxHelBake1.1_genomic.decontaminated.fna.gz
GCA_947366455.1	library/GCA_947366455.1_Arhodensis_assembly_genomic.decontaminated.fna.gz
GCA_947396885.1	library/GCA_947396885.1_ngHelPoly1.1_genomic.decontaminated.fna.gz
GCA_947459285.1	library/GCA_947459285.1_CAMP_genomic.decontaminated.fna.gz
GCA_947561635.1	library/GCA_947561635.1_mdeux2_genomic.decontaminated.fna.gz
GCF_000002435.2	library/GCF_000002435.2_UU_WB_2.1_genomic.decontaminated.fna.gz
GCF_000002985.6	library/GCF_000002985.6_WBcel235_genomic.decontaminated.fna.gz
GCF_000002995.4	library/GCF_000002995.4_B_malayi-4.0_genomic.decontaminated.fna.gz
GCF_000004555.2	library/GCF_000004555.2_CB4_genomic.decontaminated.fna.gz
GCF_000006515.1	library/GCF_000006515.1_JCVI_cmg_v1.0_genomic.decontaminated.fna.gz
GCF_000006565.2	library/GCF_000006565.2_TGA4_genomic.decontaminated.fna.gz
GCF_000149515.1	library/GCF_000149515.1_ASM14951v1_genomic.decontaminated.fna.gz
GCF_000151665.1	library/GCF_000151665.1_ASM15166v1_genomic.decontaminated.fna.gz
GCF_000183805.2	library/GCF_000183805.2_Loa_loa_V3.1_genomic.decontaminated.fna.gz
GCF_000257125.1	library/GCF_000257125.1_ENU1_v1_genomic.decontaminated.fna.gz
GCF_000507365.1	library/GCF_000507365.1_N_americanus_v1_genomic.decontaminated.fna.gz
GCF_000524195.1	library/GCF_000524195.1_ASM52419v1_genomic.decontaminated.fna.gz
GCF_000699445.3	library/GCF_000699445.3_UoM_Shae.V3_genomic.decontaminated.fna.gz
GCF_000715545.1	library/GCF_000715545.1_OpiViv1.0_genomic.decontaminated.fna.gz
GCF_000743755.1	library/GCF_000743755.1_ASM74375v1_genomic.decontaminated.fna.gz
GCF_001040885.1	library/GCF_001040885.1_S_ratti_ED321_genomic.decontaminated.fna.gz
PlasmoDB-61-Pvivax-likePvl01	library/PlasmoDB-61-Pvivax-likePvl01_Genome.decontaminated.fna.gz
TriTrypDB-61-LtarentolaeParrotTarII	library/TriTrypDB-61-LtarentolaeParrotTarII_Genome.decontaminated.fna.gz
TriTrypDB-61-TevansiSTIB805	library/TriTrypDB-61-TevansiSTIB805_Genome.decontaminated.fna.gz
